,task_id,task_description,deadline,priority,assigned_user,user_workload,past_task_behavior,category,status,time_taken_(hours),deadline_days_remaining,task_length,has_keyword_urgent,is_weekend_deadline,category_encoded,status_encoded,priority_encoded,is_completed,user_current_load,past_behavior_score,workload,deadline_days,task_description_clean
0,synthetic_87737,Setup monitoring for production servers.,2025-08-07,Urgent,user8,2.0,On Time,DevOps,To Do,0.9242036042438097,0.2363636363636363,0.6666666666666665,0,0,2.0,1.0,1.0,0.0,0.4166666666666667,1.0,0.5221560846560847,13,setup monitoring production server
1,T0242,Restore database from backup,2025-08-27,High,User_6,5.0,Delayed,Development,Completed,0.7416666666666667,0.6,0.3333333333333332,0,0,2.0,0.0,0.0,1.0,0.6666666666666667,0.3,0.4649470899470899,33,restore database backup
2,synthetic_57303,Implement search functionality.,2025-08-17,Urgent,user1,6.0,Needs Improvement,Development,To Do,0.6712136395812296,0.4181818181818181,0.0,0,1,2.0,1.0,1.0,0.0,0.4166666666666667,0.3,0.5221560846560847,23,implement search functionality
3,synthetic_27262,Update color palette and typography.,2025-08-16,Urgent,user2,7.0,On Time,Design,To Do,0.407940800046712,0.3999999999999999,0.6666666666666665,0,1,2.0,1.0,1.0,0.0,0.4166666666666667,1.0,0.5221560846560847,22,update color palette typography
4,synthetic_33340,Write API reference documentation.,2025-07-28,Medium,user9,3.0,Late,Documentation,To Do,0.481451903169581,0.0545454545454545,0.3333333333333332,0,0,2.0,1.0,1.0,0.0,0.4166666666666667,0.5,0.5221560846560847,3,write api reference documentation
5,synthetic_67902,Redesign profile section layout.,2025-08-05,Urgent,user3,1.0,Late,Design,To Do,0.6462403371581709,0.1999999999999999,0.3333333333333332,0,0,2.0,1.0,1.0,0.0,0.4166666666666667,0.5,0.5221560846560847,11,redesign profile section layout
6,T0203,Resolve payment gateway timeout issue,2025-09-10,High,User_8,2.0,Late,Design,Completed,0.7583333333333333,0.8545454545454545,0.6666666666666665,0,0,0.0,0.0,0.0,1.0,0.1666666666666667,0.5,0.5482804232804233,47,resolve payment gateway timeout issue
7,T0262,Patch security vulnerability in auth system,2025-07-29,High,User_9,8.0,Late,DevOps,In Progress,0.0,0.0727272727272727,1.0,0,0,1.0,1.0,0.0,0.0,0.3333333333333332,0.5,0.6375661375661378,4,patch security vulnerability auth system
8,T0266,Patch security vulnerability in auth system,2025-09-06,High,User_6,5.0,Delayed,Design,Completed,0.4333333333333333,0.7818181818181817,1.0,0,1,0.0,0.0,0.0,1.0,0.6666666666666667,0.3,0.7546296296296297,43,patch security vulnerability auth system
9,T0213,Resolve payment gateway timeout issue,2025-08-23,High,User_3,8.0,Delayed,Testing,Completed,0.9416666666666668,0.5272727272727272,0.6666666666666665,0,1,5.0,0.0,0.0,1.0,0.0,0.3,0.6712962962962964,29,resolve payment gateway timeout issue
10,T0176,Write integration tests for API,2025-08-09,Medium,User_5,10.0,On Time,Management,Pending,0.0,0.2727272727272727,0.6666666666666665,0,1,4.0,2.0,2.0,0.0,0.5833333333333333,1.0,0.6646825396825394,15,write integration test api
11,T0137,Refactor module for scalability,2025-09-08,Medium,User_6,8.0,On Time,Design,Pending,0.0,0.8181818181818181,0.3333333333333332,0,0,0.0,2.0,2.0,0.0,0.6666666666666667,1.0,0.6514550264550265,45,refactor module scalability
12,synthetic_28727,Create wireframes for onboarding screens.,2025-08-12,Urgent,user7,5.0,Needs Improvement,Design,To Do,0.9394346504921948,0.3272727272727272,0.6666666666666665,0,0,2.0,1.0,1.0,0.0,0.4166666666666667,0.3,0.5221560846560847,18,create wireframes onboarding screen
13,synthetic_51187,Write unit tests for payment module.,2025-08-11,Medium,user10,9.0,Excellent,Testing,To Do,0.3568086551667063,0.3090909090909091,1.0,0,0,2.0,1.0,1.0,0.0,0.4166666666666667,1.2,0.5221560846560847,17,write unit test payment module
14,synthetic_32669,Fix bugs in profile update API.,2025-07-24,Urgent,user4,1.0,Needs Improvement,Development,To Do,0.923141648261301,0.0,1.0,0,0,2.0,1.0,1.0,0.0,0.4166666666666667,0.3,0.5221560846560847,0,fix bug profile update api
15,T0080,Update internal documentation,2025-08-19,Low,User_7,8.0,On Time,Management,Pending,0.0,0.4545454545454545,0.0,0,0,4.0,2.0,1.0,0.0,0.5833333333333333,1.0,0.4173280423280423,25,update internal documentation
16,T0018,Organize shared team files,2025-09-17,Low,User_10,10.0,On Time,Management,Completed,0.1999999999999999,0.9818181818181818,0.3333333333333332,0,0,4.0,0.0,1.0,1.0,0.3333333333333332,1.0,0.7817460317460317,54,organize shared team file
17,synthetic_21579,Plan sprint retrospective.,2025-08-19,Medium,user8,9.0,On Time,Management,To Do,0.7653183720721186,0.4545454545454545,0.0,0,0,2.0,1.0,1.0,0.0,0.4166666666666667,1.0,0.5221560846560847,25,plan sprint retrospective
18,T0195,Refactor module for scalability,2025-08-26,Medium,User_7,9.0,Late,DevOps,Completed,0.1666666666666666,0.5818181818181818,0.3333333333333332,0,0,1.0,0.0,2.0,1.0,0.5833333333333333,0.5,0.6124338624338624,32,refactor module scalability
19,T0004,Send status update to manager,2025-07-24,Low,User_8,5.0,Delayed,Testing,In Progress,0.0,0.0,0.6666666666666665,0,0,5.0,1.0,1.0,0.0,0.1666666666666667,0.3,0.3776455026455027,0,send status update manager
20,synthetic_97578,Optimize CI/CD pipeline.,2025-08-02,Medium,user10,4.0,On Time,DevOps,To Do,0.6109318652044183,0.1454545454545454,0.0,0,1,2.0,1.0,1.0,0.0,0.4166666666666667,1.0,0.5221560846560847,8,optimize cicd pipeline
21,T0070,Update internal documentation,2025-08-06,Low,User_6,6.0,On Time,Management,In Progress,0.0,0.2181818181818181,0.0,0,0,4.0,1.0,1.0,0.0,0.6666666666666667,1.0,0.2632275132275132,12,update internal documentation
22,T0025,Update internal documentation,2025-08-15,Low,User_10,2.0,Delayed,Management,Completed,0.2333333333333333,0.3818181818181818,0.0,0,0,4.0,0.0,1.0,1.0,0.3333333333333332,0.3,0.1633597883597884,21,update internal documentation
23,T0281,Resolve payment gateway timeout issue,2025-07-22,High,User_9,2.0,Late,Management,Pending,0.0,0.0,0.6666666666666665,0,0,4.0,2.0,0.0,0.0,0.3333333333333332,0.5,0.2506613756613756,0,resolve payment gateway timeout issue
24,synthetic_53271,Design UI for dashboard module.,2025-08-10,High,user5,6.0,Needs Improvement,Design,To Do,0.178653269133957,0.2909090909090909,0.6666666666666665,0,1,2.0,1.0,1.0,0.0,0.4166666666666667,0.3,0.5221560846560847,16,design ui dashboard module
25,T0085,Organize shared team files,2025-07-25,Low,User_5,8.0,Delayed,DevOps,Pending,0.0,0.0,0.3333333333333332,0,0,1.0,2.0,1.0,0.0,0.5833333333333333,0.3,0.3835978835978835,0,organize shared team file
26,T0109,Write integration tests for API,2025-09-06,Medium,User_4,10.0,On Time,Development,In Progress,0.0,0.7818181818181817,0.6666666666666665,0,1,2.0,1.0,2.0,0.0,0.0833333333333332,1.0,0.8313492063492064,43,write integration test api
27,T0194,Create UI wireframes for feature,2025-08-07,Medium,User_1,2.0,Late,DevOps,Pending,0.0,0.2363636363636363,0.6666666666666665,0,0,1.0,2.0,2.0,0.0,0.9999999999999998,0.5,0.3458994708994709,13,create ui wireframes feature
28,synthetic_99820,Implement search functionality.,2025-08-19,Low,user9,5.0,On Time,Development,To Do,0.310986266238596,0.4545454545454545,0.0,0,0,2.0,1.0,1.0,0.0,0.4166666666666667,1.0,0.5221560846560847,25,implement search functionality
29,synthetic_43204,Redesign profile section layout.,2025-08-17,Urgent,user8,3.0,On Time,Design,To Do,0.5204874556665724,0.4181818181818181,0.3333333333333332,0,1,2.0,1.0,1.0,0.0,0.4166666666666667,1.0,0.5221560846560847,23,redesign profile section layout
30,T0067,Schedule weekly team sync,2025-07-23,Low,User_7,5.0,Delayed,Management,Completed,0.8666666666666667,0.0,0.3333333333333332,0,0,4.0,0.0,1.0,1.0,0.5833333333333333,0.3,0.2566137566137565,0,schedule weekly team sync
31,T0204,Resolve payment gateway timeout issue,2025-08-29,High,User_10,7.0,Delayed,Testing,In Progress,0.0,0.6363636363636364,0.6666666666666665,0,0,5.0,1.0,0.0,0.0,0.3333333333333332,0.3,0.6686507936507936,35,resolve payment gateway timeout issue
32,T0058,Organize shared team files,2025-08-01,Low,User_1,4.0,On Time,DevOps,In Progress,0.0,0.1272727272727272,0.3333333333333332,0,0,1.0,1.0,1.0,0.0,0.9999999999999998,1.0,0.2718253968253968,7,organize shared team file
33,T0072,Send status update to manager,2025-08-19,Low,User_1,2.0,Delayed,Management,Completed,0.775,0.4545454545454545,0.6666666666666665,0,0,4.0,0.0,1.0,1.0,0.9999999999999998,0.3,0.4173280423280423,25,send status update manager
34,synthetic_44512,Update system documentation for new features.,2025-08-04,Medium,user3,5.0,On Time,Documentation,To Do,0.6764440655995942,0.1818181818181818,1.0,0,0,2.0,1.0,1.0,0.0,0.4166666666666667,1.0,0.5221560846560847,10,update system documentation new feature
35,T0177,Refactor module for scalability,2025-07-28,Medium,User_1,7.0,Delayed,Design,In Progress,0.0,0.0545454545454545,0.3333333333333332,0,0,0.0,1.0,2.0,0.0,0.9999999999999998,0.3,0.363095238095238,3,refactor module scalability
36,synthetic_72571,Prepare user guide for module deployment.,2025-08-13,Urgent,user6,10.0,Excellent,Documentation,To Do,0.3496643058352932,0.3454545454545454,1.0,0,0,2.0,1.0,1.0,0.0,0.4166666666666667,1.2,0.5221560846560847,19,prepare user guide module deployment
37,T0136,Create UI wireframes for feature,2025-09-17,Medium,User_5,6.0,Delayed,Design,Completed,0.7249999999999999,0.9818181818181818,0.6666666666666665,0,0,0.0,0.0,2.0,1.0,0.5833333333333333,0.3,0.7433862433862434,54,create ui wireframes feature
38,T0279,Deploy hotfix for customer complaints,2025-07-25,High,User_5,6.0,Delayed,Development,In Progress,0.0,0.0,0.6666666666666665,0,0,2.0,1.0,0.0,0.0,0.5833333333333333,0.3,0.4219576719576719,0,deploy hotfix customer complaint
39,synthetic_11423,Write API reference documentation.,2025-08-18,Urgent,user9,7.0,Needs Improvement,Documentation,To Do,0.7168523872832031,0.4363636363636363,0.3333333333333332,0,0,2.0,1.0,1.0,0.0,0.4166666666666667,0.3,0.5221560846560847,24,write api reference documentation
40,T0149,Write integration tests for API,2025-07-24,Medium,User_9,10.0,Late,Management,Pending,0.0,0.0,0.6666666666666665,0,0,4.0,2.0,2.0,0.0,0.3333333333333332,0.5,0.5694444444444444,0,write integration test api
41,T0186,Write integration tests for API,2025-07-23,Medium,User_5,9.0,Delayed,DevOps,Completed,0.1833333333333333,0.0,0.6666666666666665,0,0,1.0,0.0,2.0,1.0,0.5833333333333333,0.3,0.5251322751322751,0,write integration test api
42,T0057,Organize shared team files,2025-09-03,Low,User_8,3.0,Delayed,Testing,In Progress,0.0,0.7272727272727273,0.3333333333333332,0,0,5.0,1.0,1.0,0.0,0.1666666666666667,0.3,0.4298941798941798,40,organize shared team file
43,T0175,Review peer pull requests,2025-07-27,Medium,User_7,10.0,Late,Development,Pending,0.0,0.0363636363636363,0.3333333333333332,0,1,2.0,2.0,2.0,0.0,0.5833333333333333,0.5,0.4722222222222223,2,review peer pull request
44,T0113,Write integration tests for API,2025-07-26,Medium,User_5,9.0,Delayed,Documentation,Completed,0.775,0.0181818181818181,0.6666666666666665,0,1,3.0,0.0,2.0,1.0,0.5833333333333333,0.3,0.5429894179894179,1,write integration test api
45,T0074,Clean up old logs from server,2025-08-06,Low,User_8,4.0,On Time,Documentation,Completed,0.9416666666666668,0.2181818181818181,1.0,0,0,3.0,0.0,1.0,1.0,0.1666666666666667,1.0,0.5317460317460317,12,clean old log server
46,T0082,Send status update to manager,2025-07-30,Low,User_10,6.0,On Time,DevOps,Pending,0.0,0.0909090909090909,0.6666666666666665,0,0,1.0,2.0,1.0,0.0,0.3333333333333332,1.0,0.4517195767195767,5,send status update manager
47,T0159,Write integration tests for API,2025-08-25,Medium,User_9,8.0,Delayed,DevOps,Completed,0.8666666666666667,0.5636363636363636,0.6666666666666665,0,0,1.0,0.0,2.0,1.0,0.3333333333333332,0.3,0.6832010582010581,31,write integration test api
48,synthetic_87801,Plan sprint retrospective.,2025-07-24,Urgent,user5,5.0,Needs Improvement,Management,To Do,0.3810522600673575,0.0,0.0,0,0,2.0,1.0,1.0,0.0,0.4166666666666667,0.3,0.5221560846560847,0,plan sprint retrospective
49,T0022,Clean up old logs from server,2025-08-28,Low,User_6,3.0,On Time,DevOps,Completed,0.9416666666666668,0.6181818181818182,1.0,0,0,1.0,0.0,1.0,1.0,0.6666666666666667,1.0,0.6243386243386244,34,clean old log server
50,T0269,Fix critical bug in deployment pipeline,2025-08-13,High,User_10,1.0,Late,Documentation,Completed,0.3333333333333333,0.3454545454545454,1.0,0,0,3.0,0.0,0.0,1.0,0.3333333333333332,0.5,0.4583333333333333,19,fix critical bug deployment pipeline
51,T0116,Create UI wireframes for feature,2025-08-02,Medium,User_8,1.0,On Time,Design,Completed,0.8833333333333333,0.1454545454545454,0.6666666666666665,0,1,0.0,0.0,2.0,1.0,0.1666666666666667,1.0,0.2777777777777777,8,create ui wireframes feature
52,synthetic_94121,Write unit tests for payment module.,2025-08-20,Urgent,user5,10.0,Excellent,Testing,To Do,0.8234374603018413,0.4727272727272727,1.0,0,0,2.0,1.0,1.0,0.0,0.4166666666666667,1.2,0.5221560846560847,26,write unit test payment module
53,synthetic_98017,Coordinate interdepartmental meeting.,2025-08-15,Urgent,user7,6.0,Late,Management,To Do,0.7839737930240149,0.3818181818181818,0.0,0,0,2.0,1.0,1.0,0.0,0.4166666666666667,0.5,0.5221560846560847,21,coordinate interdepartmental meeting
54,T0001,Update internal documentation,2025-08-27,Low,User_4,4.0,Late,Management,In Progress,0.0,0.6,0.0,0,0,4.0,1.0,1.0,0.0,0.0833333333333332,0.5,0.3115079365079364,33,update internal documentation
55,T0119,Write integration tests for API,2025-08-16,Medium,User_2,9.0,Late,Documentation,Pending,0.0,0.3999999999999999,0.6666666666666665,0,1,3.0,2.0,2.0,0.0,0.4166666666666667,0.5,0.6679894179894179,22,write integration test api
56,T0225,Restore database from backup,2025-09-07,High,User_7,2.0,Delayed,Documentation,Completed,0.7583333333333333,0.7999999999999999,0.3333333333333332,0,1,3.0,0.0,0.0,1.0,0.5833333333333333,0.3,0.4153439153439153,44,restore database backup
57,T0140,Create UI wireframes for feature,2025-09-10,Medium,User_3,9.0,Late,Documentation,In Progress,0.0,0.8545454545454545,0.6666666666666665,0,0,3.0,1.0,2.0,0.0,0.0,0.5,0.8167989417989416,47,create ui wireframes feature
58,T0020,Update internal documentation,2025-07-25,Low,User_3,7.0,Late,Development,Pending,0.0,0.0,0.0,0,0,2.0,2.0,1.0,0.0,0.0,0.5,0.2301587301587301,0,update internal documentation
59,synthetic_98470,Create wireframes for onboarding screens.,2025-08-05,High,user6,7.0,Needs Improvement,Design,To Do,0.3041648643354111,0.1999999999999999,0.6666666666666665,0,0,2.0,1.0,1.0,0.0,0.4166666666666667,0.3,0.5221560846560847,11,create wireframes onboarding screen
60,T0264,Restore database from backup,2025-08-22,High,User_10,8.0,Late,Testing,Completed,0.925,0.509090909090909,0.3333333333333332,0,0,5.0,0.0,0.0,1.0,0.3333333333333332,0.5,0.5502645502645503,28,restore database backup
61,synthetic_17149,Conduct load testing for new API.,2025-08-11,Urgent,user2,2.0,Needs Improvement,Testing,To Do,0.3695236547972738,0.3090909090909091,1.0,0,0,2.0,1.0,1.0,0.0,0.4166666666666667,0.3,0.5221560846560847,17,conduct load testing new api
62,T0231,Patch security vulnerability in auth system,2025-08-04,High,User_6,2.0,On Time,DevOps,Completed,0.3999999999999999,0.1818181818181818,1.0,0,0,1.0,0.0,0.0,1.0,0.6666666666666667,1.0,0.4431216931216931,10,patch security vulnerability auth system
63,T0083,Clean up old logs from server,2025-08-30,Low,User_8,4.0,Delayed,Design,Pending,0.0,0.6545454545454545,1.0,0,1,0.0,2.0,1.0,0.0,0.1666666666666667,0.3,0.6746031746031744,36,clean old log server
64,synthetic_22926,Write API reference documentation.,2025-08-07,Low,user2,10.0,Needs Improvement,Documentation,To Do,0.5814187551509244,0.2363636363636363,0.3333333333333332,0,0,2.0,1.0,1.0,0.0,0.4166666666666667,0.3,0.5221560846560847,13,write api reference documentation
65,synthetic_73068,Create wireframes for onboarding screens.,2025-08-14,High,user7,4.0,Excellent,Design,To Do,0.8513546905120446,0.3636363636363636,0.6666666666666665,0,0,2.0,1.0,1.0,0.0,0.4166666666666667,1.2,0.5221560846560847,20,create wireframes onboarding screen
66,T0289,Fix critical bug in deployment pipeline,2025-07-27,High,User_2,8.0,Delayed,DevOps,Pending,0.0,0.0363636363636363,1.0,0,1,1.0,2.0,0.0,0.0,0.4166666666666667,0.3,0.6256613756613756,2,fix critical bug deployment pipeline
67,T0221,Fix critical bug in deployment pipeline,2025-08-29,High,User_1,4.0,On Time,Testing,Completed,0.7416666666666667,0.6363636363636364,1.0,0,0,5.0,0.0,0.0,1.0,0.9999999999999998,1.0,0.6686507936507937,35,fix critical bug deployment pipeline
68,T0299,Deploy hotfix for customer complaints,2025-09-14,High,User_9,6.0,On Time,Design,Completed,0.5249999999999999,0.9272727272727272,0.6666666666666665,0,1,0.0,0.0,0.0,1.0,0.3333333333333332,1.0,0.7255291005291006,51,deploy hotfix customer complaint
69,synthetic_89762,Allocate resources for upcoming milestone.,2025-08-02,Low,user8,10.0,Late,Management,To Do,0.4221944221817731,0.1454545454545454,0.6666666666666665,0,1,2.0,1.0,1.0,0.0,0.4166666666666667,0.5,0.5221560846560847,8,allocate resource upcoming milestone
70,T0293,Deploy hotfix for customer complaints,2025-07-30,High,User_9,1.0,Delayed,Development,In Progress,0.0,0.0909090909090909,0.6666666666666665,0,0,2.0,1.0,0.0,0.0,0.3333333333333332,0.3,0.2599206349206349,5,deploy hotfix customer complaint
71,T0237,Fix critical bug in deployment pipeline,2025-09-18,High,User_9,8.0,Delayed,Development,Completed,0.3833333333333333,1.0,1.0,0,0,2.0,0.0,0.0,1.0,0.3333333333333332,0.3,0.9411375661375662,55,fix critical bug deployment pipeline
72,synthetic_75186,Plan sprint retrospective.,2025-07-22,Medium,user2,6.0,Needs Improvement,Management,To Do,0.1760998497217614,0.0,0.0,0,0,2.0,1.0,1.0,0.0,0.4166666666666667,0.3,0.5221560846560847,0,plan sprint retrospective
73,T0283,Deploy hotfix for customer complaints,2025-09-09,High,User_2,10.0,On Time,Management,In Progress,0.0,0.8363636363636363,0.6666666666666665,0,0,4.0,1.0,0.0,0.0,0.4166666666666667,1.0,0.8492063492063492,46,deploy hotfix customer complaint
74,synthetic_56601,Optimize CI/CD pipeline.,2025-07-24,Urgent,user1,2.0,Needs Improvement,DevOps,To Do,0.3769928005776014,0.0,0.0,0,0,2.0,1.0,1.0,0.0,0.4166666666666667,0.3,0.5221560846560847,0,optimize cicd pipeline
75,T0222,Restore database from backup,2025-08-26,High,User_7,10.0,Late,Development,In Progress,0.0,0.5818181818181818,0.3333333333333332,0,0,2.0,1.0,0.0,0.0,0.5833333333333333,0.5,0.6507936507936509,32,restore database backup
76,synthetic_97057,Setup monitoring for production servers.,2025-08-15,Urgent,user10,2.0,Excellent,DevOps,To Do,0.7790862382730659,0.3818181818181818,0.6666666666666665,0,0,2.0,1.0,1.0,0.0,0.4166666666666667,1.2,0.5221560846560847,21,setup monitoring production server
77,synthetic_74495,Update color palette and typography.,2025-08-15,Urgent,user8,5.0,On Time,Design,To Do,0.8714266510818703,0.3818181818181818,0.6666666666666665,0,0,2.0,1.0,1.0,0.0,0.4166666666666667,1.0,0.5221560846560847,21,update color palette typography
78,T0166,Update user guides,2025-08-12,Medium,User_7,7.0,On Time,Testing,Pending,0.0,0.3272727272727272,0.0,0,0,5.0,2.0,2.0,0.0,0.5833333333333333,1.0,0.3373015873015872,18,update user guide
79,synthetic_16043,Conduct load testing for new API.,2025-08-04,High,user10,10.0,Needs Improvement,Testing,To Do,0.526481963530063,0.1818181818181818,1.0,0,0,2.0,1.0,1.0,0.0,0.4166666666666667,0.3,0.5221560846560847,10,conduct load testing new api
80,T0098,Update internal documentation,2025-08-15,Low,User_8,1.0,Late,Documentation,In Progress,0.0,0.3818181818181818,0.0,0,0,3.0,1.0,1.0,0.0,0.1666666666666667,0.5,0.125,21,update internal documentation
81,T0208,Deploy hotfix for customer complaints,2025-08-27,High,User_7,6.0,On Time,Testing,Pending,0.0,0.6,0.6666666666666665,0,0,5.0,2.0,0.0,0.0,0.5833333333333333,1.0,0.6183862433862435,33,deploy hotfix customer complaint
82,synthetic_28425,Update system documentation for new features.,2025-08-18,High,user4,5.0,On Time,Documentation,To Do,0.9422426019249196,0.4363636363636363,1.0,0,0,2.0,1.0,1.0,0.0,0.4166666666666667,1.0,0.5221560846560847,24,update system documentation new feature
83,synthetic_81727,Write unit tests for payment module.,2025-08-02,High,user10,1.0,Excellent,Testing,To Do,0.2189360309806333,0.1454545454545454,1.0,0,1,2.0,1.0,1.0,0.0,0.4166666666666667,1.2,0.5221560846560847,8,write unit test payment module
84,T0103,Write integration tests for API,2025-09-18,Medium,User_8,1.0,On Time,DevOps,Pending,0.0,1.0,0.6666666666666665,0,0,1.0,2.0,2.0,0.0,0.1666666666666667,1.0,0.5575396825396824,55,write integration test api
85,T0051,Schedule weekly team sync,2025-08-22,Low,User_1,4.0,Late,Testing,In Progress,0.0,0.509090909090909,0.3333333333333332,0,0,5.0,1.0,1.0,0.0,0.9999999999999998,0.5,0.3968253968253967,28,schedule weekly team sync
86,T0169,Review peer pull requests,2025-09-01,Medium,User_2,8.0,On Time,Management,Completed,0.1583333333333333,0.6909090909090909,0.3333333333333332,0,0,4.0,0.0,2.0,1.0,0.4166666666666667,1.0,0.6097883597883598,38,review peer pull request
87,T0043,Update internal documentation,2025-08-28,Low,User_5,7.0,On Time,Testing,Completed,0.3249999999999999,0.6181818181818182,0.0,0,0,5.0,0.0,1.0,1.0,0.5833333333333333,1.0,0.4325396825396824,34,update internal documentation
88,T0217,Restore database from backup,2025-07-24,High,User_10,1.0,Delayed,Development,Completed,0.1416666666666666,0.0,0.3333333333333332,0,0,2.0,0.0,0.0,1.0,0.3333333333333332,0.3,0.1091269841269841,0,restore database backup
89,synthetic_62480,Redesign profile section layout.,2025-07-23,High,user8,9.0,Needs Improvement,Design,To Do,0.3107779869546181,0.0,0.3333333333333332,0,0,2.0,1.0,1.0,0.0,0.4166666666666667,0.3,0.5221560846560847,0,redesign profile section layout
90,T0021,Organize shared team files,2025-07-27,Low,User_7,3.0,Late,Development,Completed,0.2083333333333333,0.0363636363636363,0.3333333333333332,0,1,2.0,0.0,1.0,1.0,0.5833333333333333,0.5,0.2037037037037037,2,organize shared team file
91,T0030,Send status update to manager,2025-08-25,Low,User_1,7.0,On Time,Management,In Progress,0.0,0.5636363636363636,0.6666666666666665,0,0,4.0,1.0,1.0,0.0,0.9999999999999998,1.0,0.6448412698412697,31,send status update manager
92,T0287,Deploy hotfix for customer complaints,2025-09-10,High,User_2,3.0,On Time,Documentation,Completed,0.7416666666666667,0.8545454545454545,0.6666666666666665,0,0,3.0,0.0,0.0,1.0,0.4166666666666667,1.0,0.5866402116402116,47,deploy hotfix customer complaint
93,T0157,Refactor module for scalability,2025-09-16,Medium,User_6,4.0,Delayed,Design,In Progress,0.0,0.9636363636363636,0.3333333333333332,0,0,0.0,1.0,2.0,0.0,0.6666666666666667,0.3,0.5456349206349206,53,refactor module scalability
94,T0288,Resolve payment gateway timeout issue,2025-09-12,High,User_5,4.0,Delayed,Testing,In Progress,0.0,0.8909090909090909,0.6666666666666665,0,0,5.0,1.0,0.0,0.0,0.5833333333333333,0.3,0.6369047619047618,49,resolve payment gateway timeout issue
95,synthetic_98333,Prepare user guide for module deployment.,2025-07-27,High,user6,3.0,Excellent,Documentation,To Do,0.3612161664695213,0.0363636363636363,1.0,0,1,2.0,1.0,1.0,0.0,0.4166666666666667,1.2,0.5221560846560847,2,prepare user guide module deployment
96,T0039,Send status update to manager,2025-07-29,Low,User_10,6.0,Delayed,Development,In Progress,0.0,0.0727272727272727,0.6666666666666665,0,0,2.0,1.0,1.0,0.0,0.3333333333333332,0.3,0.4457671957671957,4,send status update manager
97,T0247,Fix critical bug in deployment pipeline,2025-08-25,High,User_8,7.0,Late,Design,Pending,0.0,0.5636363636363636,1.0,0,0,0.0,2.0,0.0,0.0,0.1666666666666667,0.5,0.759920634920635,31,fix critical bug deployment pipeline
98,synthetic_54335,Redesign profile section layout.,2025-07-25,High,user4,10.0,Late,Design,To Do,0.577559759692118,0.0,0.3333333333333332,0,0,2.0,1.0,1.0,0.0,0.4166666666666667,0.5,0.5221560846560847,0,redesign profile section layout
99,T0250,Deploy hotfix for customer complaints,2025-08-14,High,User_7,6.0,Late,DevOps,Pending,0.0,0.3636363636363636,0.6666666666666665,0,0,1.0,2.0,0.0,0.0,0.5833333333333333,0.5,0.541005291005291,20,deploy hotfix customer complaint
100,T0235,Restore database from backup,2025-09-16,High,User_9,5.0,Delayed,DevOps,Completed,0.4083333333333333,0.9636363636363636,0.3333333333333332,0,0,1.0,0.0,0.0,1.0,0.3333333333333332,0.3,0.583994708994709,53,restore database backup
101,T0165,Create UI wireframes for feature,2025-08-12,Medium,User_2,8.0,On Time,DevOps,In Progress,0.0,0.3272727272727272,0.6666666666666665,0,0,1.0,1.0,2.0,0.0,0.4166666666666667,1.0,0.6058201058201057,18,create ui wireframes feature
102,T0249,Deploy hotfix for customer complaints,2025-09-04,High,User_6,7.0,Delayed,DevOps,Completed,0.7,0.7454545454545454,0.6666666666666665,0,0,1.0,0.0,0.0,1.0,0.6666666666666667,0.3,0.7043650793650794,41,deploy hotfix customer complaint
103,T0107,Review peer pull requests,2025-07-24,Medium,User_9,2.0,Late,DevOps,Completed,0.15,0.0,0.3333333333333332,0,0,1.0,0.0,2.0,1.0,0.3333333333333332,0.5,0.1474867724867724,0,review peer pull request
104,synthetic_72991,Coordinate interdepartmental meeting.,2025-08-16,Low,user9,9.0,Late,Management,To Do,0.5281566312282766,0.3999999999999999,0.0,0,1,2.0,1.0,1.0,0.0,0.4166666666666667,0.5,0.5221560846560847,22,coordinate interdepartmental meeting
105,synthetic_25203,Setup monitoring for production servers.,2025-08-16,Urgent,user8,1.0,Late,DevOps,To Do,0.3044375021758721,0.3999999999999999,0.6666666666666665,0,1,2.0,1.0,1.0,0.0,0.4166666666666667,0.5,0.5221560846560847,22,setup monitoring production server
106,synthetic_46940,Write unit tests for payment module.,2025-07-27,Urgent,user7,1.0,Excellent,Testing,To Do,0.4620382348622314,0.0363636363636363,1.0,0,1,2.0,1.0,1.0,0.0,0.4166666666666667,1.2,0.5221560846560847,2,write unit test payment module
107,T0093,Schedule weekly team sync,2025-08-04,Low,User_6,1.0,Delayed,Design,Pending,0.0,0.1818181818181818,0.3333333333333332,0,0,0.0,2.0,1.0,0.0,0.6666666666666667,0.3,0.1746031746031746,10,schedule weekly team sync
108,T0201,Resolve payment gateway timeout issue,2025-08-20,High,User_2,9.0,Late,Documentation,In Progress,0.0,0.4727272727272727,0.6666666666666665,0,0,3.0,1.0,0.0,0.0,0.4166666666666667,0.5,0.691798941798942,26,resolve payment gateway timeout issue
109,synthetic_84318,Create onboarding manual for new developers.,2025-08-03,Urgent,user7,8.0,On Time,Documentation,To Do,0.5044805559106085,0.1636363636363636,1.0,0,1,2.0,1.0,1.0,0.0,0.4166666666666667,1.0,0.5221560846560847,9,create onboarding manual new developer
110,T0105,Write integration tests for API,2025-08-20,Medium,User_2,8.0,On Time,Management,In Progress,0.0,0.4727272727272727,0.6666666666666665,0,0,4.0,1.0,2.0,0.0,0.4166666666666667,1.0,0.6534391534391534,26,write integration test api
111,T0212,Deploy hotfix for customer complaints,2025-08-14,High,User_6,3.0,Delayed,DevOps,Pending,0.0,0.3636363636363636,0.6666666666666665,0,0,1.0,2.0,0.0,0.0,0.6666666666666667,0.3,0.4259259259259259,20,deploy hotfix customer complaint
112,synthetic_45040,Setup monitoring for production servers.,2025-08-20,Urgent,user7,9.0,Late,DevOps,To Do,0.9379434719660866,0.4727272727272727,0.6666666666666665,0,0,2.0,1.0,1.0,0.0,0.4166666666666667,0.5,0.5221560846560847,26,setup monitoring production server
113,T0023,Send status update to manager,2025-09-06,Low,User_4,10.0,Delayed,Testing,Pending,0.0,0.7818181818181817,0.6666666666666665,0,1,5.0,2.0,1.0,0.0,0.0833333333333332,0.3,0.8313492063492064,43,send status update manager
114,T0012,Organize shared team files,2025-08-18,Low,User_8,2.0,Delayed,Design,Completed,0.2166666666666666,0.4363636363636363,0.3333333333333332,0,0,0.0,0.0,1.0,1.0,0.1666666666666667,0.3,0.2962962962962963,24,organize shared team file
115,T0129,Write integration tests for API,2025-09-14,Medium,User_2,4.0,On Time,DevOps,Completed,0.35,0.9272727272727272,0.6666666666666665,0,1,1.0,0.0,2.0,1.0,0.4166666666666667,1.0,0.648809523809524,51,write integration test api
116,T0038,Organize shared team files,2025-08-05,Low,User_2,3.0,Late,Design,Completed,1.0,0.1999999999999999,0.3333333333333332,0,0,0.0,0.0,1.0,1.0,0.4166666666666667,0.5,0.2572751322751322,11,organize shared team file
117,synthetic_24245,Create onboarding manual for new developers.,2025-07-25,High,user10,5.0,Needs Improvement,Documentation,To Do,0.911294142369128,0.0,1.0,0,0,2.0,1.0,1.0,0.0,0.4166666666666667,0.3,0.5221560846560847,0,create onboarding manual new developer
118,T0260,Restore database from backup,2025-08-05,High,User_4,6.0,On Time,Testing,Completed,0.5833333333333333,0.1999999999999999,0.3333333333333332,0,0,5.0,0.0,0.0,1.0,0.0833333333333332,1.0,0.3723544973544973,11,restore database backup
119,T0251,Resolve payment gateway timeout issue,2025-09-03,High,User_3,10.0,On Time,Management,Completed,0.9166666666666666,0.7272727272727273,0.6666666666666665,0,0,4.0,0.0,0.0,1.0,0.0,1.0,0.8134920634920634,40,resolve payment gateway timeout issue
120,T0063,Clean up old logs from server,2025-08-01,Low,User_9,7.0,Late,Management,In Progress,0.0,0.1272727272727272,1.0,0,0,4.0,1.0,1.0,0.0,0.3333333333333332,0.5,0.617063492063492,7,clean old log server
121,T0053,Send status update to manager,2025-08-13,Low,User_2,8.0,On Time,Testing,Pending,0.0,0.3454545454545454,0.6666666666666665,0,0,5.0,2.0,1.0,0.0,0.4166666666666667,1.0,0.6117724867724867,19,send status update manager
122,T0227,Fix critical bug in deployment pipeline,2025-07-29,High,User_7,3.0,On Time,Documentation,Completed,0.4083333333333333,0.0727272727272727,1.0,0,0,3.0,0.0,0.0,1.0,0.5833333333333333,1.0,0.4457671957671957,4,fix critical bug deployment pipeline
123,T0147,Create UI wireframes for feature,2025-07-28,Medium,User_8,4.0,Late,Testing,Completed,0.6583333333333333,0.0545454545454545,0.6666666666666665,0,0,5.0,0.0,2.0,1.0,0.1666666666666667,0.5,0.363095238095238,3,create ui wireframes feature
124,T0064,Clean up old logs from server,2025-09-11,Low,User_7,5.0,Delayed,Development,Completed,0.5666666666666667,0.8727272727272727,1.0,0,0,2.0,0.0,1.0,1.0,0.5833333333333333,0.3,0.7843915343915344,48,clean old log server
125,T0290,Restore database from backup,2025-08-30,High,User_9,9.0,On Time,Design,Pending,0.0,0.6545454545454545,0.3333333333333332,0,1,0.0,2.0,0.0,0.0,0.3333333333333332,1.0,0.6362433862433863,36,restore database backup
126,T0010,Update internal documentation,2025-08-05,Low,User_5,9.0,On Time,Documentation,Completed,0.7,0.1999999999999999,0.0,0,0,3.0,0.0,1.0,1.0,0.5833333333333333,1.0,0.3723544973544973,11,update internal documentation
127,T0163,Write integration tests for API,2025-09-03,Medium,User_7,4.0,Delayed,Design,In Progress,0.0,0.7272727272727273,0.6666666666666665,0,0,0.0,1.0,2.0,0.0,0.5833333333333333,0.3,0.5833333333333334,40,write integration test api
128,T0248,Resolve payment gateway timeout issue,2025-08-03,High,User_2,6.0,Late,Documentation,Completed,0.8916666666666666,0.1636363636363636,0.6666666666666665,0,1,3.0,0.0,0.0,1.0,0.4166666666666667,0.5,0.4755291005291004,9,resolve payment gateway timeout issue
129,T0233,Fix critical bug in deployment pipeline,2025-07-30,High,User_7,3.0,Delayed,Testing,Completed,0.9166666666666666,0.0909090909090909,1.0,0,0,5.0,0.0,0.0,1.0,0.5833333333333333,0.3,0.4517195767195768,5,fix critical bug deployment pipeline
130,T0133,Update user guides,2025-08-31,Medium,User_10,4.0,Delayed,Documentation,In Progress,0.0,0.6727272727272727,0.0,0,1,3.0,1.0,2.0,0.0,0.3333333333333332,0.3,0.3353174603174603,37,update user guide
131,synthetic_26293,Create wireframes for onboarding screens.,2025-07-31,High,user9,4.0,Excellent,Design,To Do,0.62157639483378,0.109090909090909,0.6666666666666665,0,0,2.0,1.0,1.0,0.0,0.4166666666666667,1.2,0.5221560846560847,6,create wireframes onboarding screen
132,T0239,Resolve payment gateway timeout issue,2025-08-02,High,User_4,7.0,Delayed,Testing,Pending,0.0,0.1454545454545454,0.6666666666666665,0,1,5.0,2.0,0.0,0.0,0.0833333333333332,0.3,0.5079365079365079,8,resolve payment gateway timeout issue
133,T0042,Clean up old logs from server,2025-09-10,Low,User_4,4.0,Late,Design,In Progress,0.0,0.8545454545454545,1.0,0,0,0.0,1.0,1.0,0.0,0.0833333333333332,0.5,0.7400793650793651,47,clean old log server
134,synthetic_84126,Prepare user guide for module deployment.,2025-08-12,Urgent,user9,1.0,Late,Documentation,To Do,0.8691132745740863,0.3272727272727272,1.0,0,0,2.0,1.0,1.0,0.0,0.4166666666666667,0.5,0.5221560846560847,18,prepare user guide module deployment
135,T0282,Deploy hotfix for customer complaints,2025-07-23,High,User_10,10.0,Delayed,Management,Pending,0.0,0.0,0.6666666666666665,0,0,4.0,2.0,0.0,0.0,0.3333333333333332,0.3,0.5634920634920635,0,deploy hotfix customer complaint
136,T0110,Write integration tests for API,2025-08-29,Medium,User_3,1.0,On Time,DevOps,Pending,0.0,0.6363636363636364,0.6666666666666665,0,0,1.0,2.0,2.0,0.0,0.0,1.0,0.4384920634920634,35,write integration test api
137,T0182,Refactor module for scalability,2025-08-15,Medium,User_9,2.0,Late,Testing,Pending,0.0,0.3818181818181818,0.3333333333333332,0,0,5.0,2.0,2.0,0.0,0.3333333333333332,0.5,0.2784391534391534,21,refactor module scalability
138,T0091,Clean up old logs from server,2025-09-01,Low,User_1,6.0,Delayed,Documentation,Completed,0.4166666666666666,0.6909090909090909,1.0,0,0,3.0,0.0,1.0,1.0,0.9999999999999998,0.3,0.7632275132275133,38,clean old log server
139,T0066,Update internal documentation,2025-09-06,Low,User_10,3.0,On Time,Documentation,In Progress,0.0,0.7818181818181817,0.0,0,1,3.0,1.0,1.0,0.0,0.3333333333333332,1.0,0.3326719576719576,43,update internal documentation
140,T0198,Create UI wireframes for feature,2025-08-14,Medium,User_8,8.0,Delayed,Development,Pending,0.0,0.3636363636363636,0.6666666666666665,0,0,2.0,2.0,2.0,0.0,0.1666666666666667,0.3,0.6177248677248677,20,create ui wireframes feature
141,T0246,Patch security vulnerability in auth system,2025-07-22,High,User_4,3.0,Delayed,Testing,Completed,0.925,0.0,1.0,0,0,5.0,0.0,0.0,1.0,0.0833333333333332,0.3,0.4041005291005291,0,patch security vulnerability auth system
142,T0245,Deploy hotfix for customer complaints,2025-08-29,High,User_6,1.0,On Time,DevOps,Completed,0.8916666666666666,0.6363636363636364,0.6666666666666665,0,0,1.0,0.0,0.0,1.0,0.6666666666666667,1.0,0.4384920634920634,35,deploy hotfix customer complaint
143,synthetic_73754,Create onboarding manual for new developers.,2025-07-31,Urgent,user7,10.0,Needs Improvement,Documentation,To Do,0.7745281167771509,0.109090909090909,1.0,0,0,2.0,1.0,1.0,0.0,0.4166666666666667,0.3,0.5221560846560847,6,create onboarding manual new developer
144,T0211,Patch security vulnerability in auth system,2025-09-14,High,User_3,2.0,On Time,Testing,Pending,0.0,0.9272727272727272,1.0,0,1,5.0,2.0,0.0,0.0,0.0,1.0,0.6871693121693123,51,patch security vulnerability auth system
145,synthetic_52794,Create onboarding manual for new developers.,2025-07-27,High,user5,7.0,Late,Documentation,To Do,0.8446395874417207,0.0363636363636363,1.0,0,1,2.0,1.0,1.0,0.0,0.4166666666666667,0.5,0.5221560846560847,2,create onboarding manual new developer
146,synthetic_62355,Prepare user guide for module deployment.,2025-07-22,Urgent,user10,8.0,Needs Improvement,Documentation,To Do,0.5152472041181648,0.0,1.0,0,0,2.0,1.0,1.0,0.0,0.4166666666666667,0.3,0.5221560846560847,0,prepare user guide module deployment
147,T0205,Fix critical bug in deployment pipeline,2025-08-18,High,User_3,9.0,Delayed,Management,Pending,0.0,0.4363636363636363,1.0,0,0,4.0,2.0,0.0,0.0,0.0,0.3,0.7949735449735452,24,fix critical bug deployment pipeline
148,T0144,Update user guides,2025-08-24,Medium,User_8,1.0,On Time,Testing,Pending,0.0,0.5454545454545454,0.0,0,1,5.0,2.0,2.0,0.0,0.1666666666666667,1.0,0.1785714285714285,30,update user guide
149,synthetic_23326,Create onboarding manual for new developers.,2025-08-16,Low,user1,7.0,Excellent,Documentation,To Do,0.4352518666731833,0.3999999999999999,1.0,0,1,2.0,1.0,1.0,0.0,0.4166666666666667,1.2,0.5221560846560847,22,create onboarding manual new developer
150,T0257,Resolve payment gateway timeout issue,2025-07-28,High,User_5,1.0,Late,Management,Completed,0.1916666666666666,0.0545454545454545,0.6666666666666665,0,0,4.0,0.0,0.0,1.0,0.5833333333333333,0.5,0.248015873015873,3,resolve payment gateway timeout issue
151,T0171,Update user guides,2025-08-05,Medium,User_10,1.0,Delayed,DevOps,Pending,0.0,0.1999999999999999,0.0,0,0,1.0,2.0,2.0,0.0,0.3333333333333332,0.3,0.0654761904761905,11,update user guide
152,T0220,Deploy hotfix for customer complaints,2025-09-16,High,User_1,3.0,On Time,Development,Completed,0.1833333333333333,0.9636363636363636,0.6666666666666665,0,0,2.0,0.0,0.0,1.0,0.9999999999999998,1.0,0.6223544973544973,53,deploy hotfix customer complaint
153,T0095,Update internal documentation,2025-08-22,Low,User_6,2.0,Delayed,Development,In Progress,0.0,0.509090909090909,0.0,0,0,2.0,1.0,1.0,0.0,0.6666666666666667,0.3,0.205026455026455,28,update internal documentation
154,T0097,Clean up old logs from server,2025-09-04,Low,User_1,3.0,On Time,Management,Completed,0.35,0.7454545454545454,1.0,0,0,4.0,0.0,1.0,1.0,0.9999999999999998,1.0,0.666005291005291,41,clean old log server
155,T0200,Create UI wireframes for feature,2025-08-05,Medium,User_8,7.0,Late,Management,Pending,0.0,0.1999999999999999,0.6666666666666665,0,0,4.0,2.0,2.0,0.0,0.1666666666666667,0.5,0.5257936507936508,11,create ui wireframes feature
156,T0261,Restore database from backup,2025-08-13,High,User_9,6.0,On Time,Documentation,Pending,0.0,0.3454545454545454,0.3333333333333332,0,0,3.0,2.0,0.0,0.0,0.3333333333333332,1.0,0.419973544973545,19,restore database backup
157,T0106,Update user guides,2025-09-08,Medium,User_2,1.0,Late,Design,In Progress,0.0,0.8181818181818181,0.0,0,0,0.0,1.0,2.0,0.0,0.4166666666666667,0.5,0.2678571428571428,45,update user guide
158,T0224,Restore database from backup,2025-08-17,High,User_10,2.0,On Time,Documentation,Pending,0.0,0.4181818181818181,0.3333333333333332,0,1,3.0,2.0,0.0,0.0,0.3333333333333332,1.0,0.2903439153439153,23,restore database backup
159,synthetic_76465,Allocate resources for upcoming milestone.,2025-07-22,Low,user10,8.0,Excellent,Management,To Do,0.8431277018881997,0.0,0.6666666666666665,0,0,2.0,1.0,1.0,0.0,0.4166666666666667,1.2,0.5221560846560847,0,allocate resource upcoming milestone
160,T0125,Create UI wireframes for feature,2025-09-13,Medium,User_7,9.0,Delayed,DevOps,In Progress,0.0,0.9090909090909092,0.6666666666666665,0,1,1.0,1.0,2.0,0.0,0.5833333333333333,0.3,0.8346560846560847,50,create ui wireframes feature
161,T0241,Resolve payment gateway timeout issue,2025-09-01,High,User_1,8.0,Late,Development,Completed,0.4666666666666666,0.6909090909090909,0.6666666666666665,0,0,2.0,0.0,0.0,1.0,0.9999999999999998,0.5,0.7248677248677248,38,resolve payment gateway timeout issue
162,T0143,Refactor module for scalability,2025-08-29,Medium,User_1,8.0,Delayed,Management,Pending,0.0,0.6363636363636364,0.3333333333333332,0,0,4.0,2.0,2.0,0.0,0.9999999999999998,0.3,0.5919312169312169,35,refactor module scalability
163,T0167,Refactor module for scalability,2025-07-22,Medium,User_7,7.0,Delayed,Development,In Progress,0.0,0.0,0.3333333333333332,0,0,2.0,1.0,2.0,0.0,0.5833333333333333,0.3,0.3273809523809523,0,refactor module scalability
164,T0130,Write integration tests for API,2025-08-26,Medium,User_6,8.0,Late,Design,Pending,0.0,0.5818181818181818,0.6666666666666665,0,0,0.0,2.0,2.0,0.0,0.6666666666666667,0.5,0.6891534391534391,32,write integration test api
165,synthetic_55379,Refactor user authentication module.,2025-08-01,Medium,user10,9.0,On Time,Development,To Do,0.8368834524314732,0.1272727272727272,0.3333333333333332,0,0,2.0,1.0,1.0,0.0,0.4166666666666667,1.0,0.5221560846560847,7,refactor user authentication module
166,T0104,Review peer pull requests,2025-09-18,Medium,User_4,4.0,Delayed,Testing,Completed,0.4166666666666666,1.0,0.3333333333333332,0,0,5.0,0.0,2.0,1.0,0.0833333333333332,0.3,0.5575396825396824,55,review peer pull request
167,T0207,Resolve payment gateway timeout issue,2025-07-22,High,User_8,2.0,Late,Development,Completed,0.6749999999999999,0.0,0.6666666666666665,0,0,2.0,0.0,0.0,1.0,0.1666666666666667,0.5,0.2506613756613756,0,resolve payment gateway timeout issue
168,T0188,Review peer pull requests,2025-07-25,Medium,User_1,4.0,On Time,DevOps,Pending,0.0,0.0,0.3333333333333332,0,0,1.0,2.0,2.0,0.0,0.9999999999999998,1.0,0.2301587301587301,0,review peer pull request
169,synthetic_21180,Prepare user guide for module deployment.,2025-08-14,Low,user1,2.0,Excellent,Documentation,To Do,0.677338817466713,0.3636363636363636,1.0,0,0,2.0,1.0,1.0,0.0,0.4166666666666667,1.2,0.5221560846560847,20,prepare user guide module deployment
170,T0291,Fix critical bug in deployment pipeline,2025-08-18,High,User_2,10.0,On Time,DevOps,In Progress,0.0,0.4363636363636363,1.0,0,0,1.0,1.0,0.0,0.0,0.4166666666666667,1.0,0.8333333333333335,24,fix critical bug deployment pipeline
171,synthetic_93154,Write unit tests for payment module.,2025-08-17,Low,user4,7.0,Excellent,Testing,To Do,0.6634613402126626,0.4181818181818181,1.0,0,1,2.0,1.0,1.0,0.0,0.4166666666666667,1.2,0.5221560846560847,23,write unit test payment module
172,T0124,Create UI wireframes for feature,2025-08-03,Medium,User_3,5.0,Delayed,Development,In Progress,0.0,0.1636363636363636,0.6666666666666665,0,1,2.0,1.0,2.0,0.0,0.0,0.3,0.4371693121693121,9,create ui wireframes feature
173,T0008,Send status update to manager,2025-09-18,Low,User_8,8.0,On Time,DevOps,Completed,0.775,1.0,0.6666666666666665,0,0,1.0,0.0,1.0,1.0,0.1666666666666667,1.0,0.826058201058201,55,send status update manager
174,T0297,Patch security vulnerability in auth system,2025-07-23,High,User_3,5.0,On Time,Management,Completed,0.5083333333333333,0.0,1.0,0,0,4.0,0.0,0.0,1.0,0.0,1.0,0.4867724867724867,0,patch security vulnerability auth system
175,T0003,Clean up old logs from server,2025-07-29,Low,User_6,8.0,On Time,Documentation,Pending,0.0,0.0727272727272727,1.0,0,0,3.0,2.0,1.0,0.0,0.6666666666666667,1.0,0.6375661375661378,4,clean old log server
176,synthetic_92158,Write API reference documentation.,2025-08-07,High,user3,1.0,Excellent,Documentation,To Do,0.9185079131859478,0.2363636363636363,0.3333333333333332,0,0,2.0,1.0,1.0,0.0,0.4166666666666667,1.2,0.5221560846560847,13,write api reference documentation
177,T0049,Clean up old logs from server,2025-09-15,Low,User_1,10.0,On Time,DevOps,In Progress,0.0,0.9454545454545454,1.0,0,0,1.0,1.0,1.0,0.0,0.9999999999999998,1.0,1.0,52,clean old log server
178,T0026,Schedule weekly team sync,2025-09-17,Low,User_8,2.0,On Time,Design,In Progress,0.0,0.9818181818181818,0.3333333333333332,0,0,0.0,1.0,1.0,0.0,0.1666666666666667,1.0,0.4748677248677248,54,schedule weekly team sync
179,T0263,Resolve payment gateway timeout issue,2025-08-19,High,User_5,8.0,Late,Testing,Completed,0.3583333333333333,0.4545454545454545,0.6666666666666665,0,0,5.0,0.0,0.0,1.0,0.5833333333333333,0.5,0.6474867724867727,25,resolve payment gateway timeout issue
180,T0218,Restore database from backup,2025-09-17,High,User_8,2.0,On Time,Design,Completed,0.7416666666666667,0.9818181818181818,0.3333333333333332,0,0,0.0,0.0,0.0,1.0,0.1666666666666667,1.0,0.4748677248677248,54,restore database backup
181,T0197,Update user guides,2025-08-11,Medium,User_7,5.0,Late,Design,Completed,0.8583333333333334,0.3090909090909091,0.0,0,0,0.0,0.0,2.0,1.0,0.5833333333333333,0.5,0.2546296296296296,17,update user guide
182,synthetic_15937,Prepare user guide for module deployment.,2025-07-23,Low,user1,7.0,On Time,Documentation,To Do,0.9455072488849028,0.0,1.0,0,0,2.0,1.0,1.0,0.0,0.4166666666666667,1.0,0.5221560846560847,0,prepare user guide module deployment
183,T0199,Review peer pull requests,2025-08-04,Medium,User_6,5.0,Delayed,DevOps,In Progress,0.0,0.1818181818181818,0.3333333333333332,0,0,1.0,1.0,2.0,0.0,0.6666666666666667,0.3,0.3280423280423279,10,review peer pull request
184,T0270,Patch security vulnerability in auth system,2025-08-30,High,User_7,10.0,On Time,Documentation,In Progress,0.0,0.6545454545454545,1.0,0,1,3.0,1.0,0.0,0.0,0.5833333333333333,1.0,0.9047619047619048,36,patch security vulnerability auth system
185,T0027,Clean up old logs from server,2025-09-11,Low,User_5,7.0,Delayed,Design,Completed,0.8833333333333333,0.8727272727272727,1.0,0,0,0.0,0.0,1.0,1.0,0.5833333333333333,0.3,0.8611111111111112,48,clean old log server
186,T0101,Refactor module for scalability,2025-09-04,Medium,User_7,1.0,On Time,Development,In Progress,0.0,0.7454545454545454,0.3333333333333332,0,0,2.0,1.0,2.0,0.0,0.5833333333333333,1.0,0.3591269841269841,41,refactor module scalability
187,T0238,Fix critical bug in deployment pipeline,2025-08-13,High,User_1,10.0,Delayed,Design,Pending,0.0,0.3454545454545454,1.0,0,0,0.0,2.0,0.0,0.0,0.9999999999999998,0.3,0.8035714285714286,19,fix critical bug deployment pipeline
188,T0184,Create UI wireframes for feature,2025-08-08,Medium,User_1,5.0,Delayed,Design,In Progress,0.0,0.2545454545454545,0.6666666666666665,0,0,0.0,1.0,2.0,0.0,0.9999999999999998,0.3,0.4669312169312168,14,create ui wireframes feature
189,T0155,Refactor module for scalability,2025-09-01,Medium,User_9,3.0,Delayed,Documentation,In Progress,0.0,0.6909090909090909,0.3333333333333332,0,0,3.0,1.0,2.0,0.0,0.3333333333333332,0.3,0.4179894179894179,38,refactor module scalability
190,T0047,Send status update to manager,2025-08-18,Low,User_1,1.0,On Time,Design,Pending,0.0,0.4363636363636363,0.6666666666666665,0,0,0.0,2.0,1.0,0.0,0.9999999999999998,1.0,0.3730158730158729,24,send status update manager
191,synthetic_22687,Update Docker configurations.,2025-07-24,High,user7,8.0,Excellent,DevOps,To Do,0.4787156898071725,0.0,0.0,0,0,2.0,1.0,1.0,0.0,0.4166666666666667,1.2,0.5221560846560847,0,update docker configuration
192,T0255,Restore database from backup,2025-07-30,High,User_7,5.0,On Time,Management,Completed,0.2083333333333333,0.0909090909090909,0.3333333333333332,0,0,4.0,0.0,0.0,1.0,0.5833333333333333,1.0,0.2982804232804232,5,restore database backup
193,T0100,Update internal documentation,2025-09-07,Low,User_4,6.0,On Time,Design,Completed,0.9916666666666668,0.7999999999999999,0.0,0,1,0.0,0.0,1.0,1.0,0.0833333333333332,1.0,0.4537037037037037,44,update internal documentation
194,T0150,Create UI wireframes for feature,2025-07-27,Medium,User_2,7.0,Delayed,Management,In Progress,0.0,0.0363636363636363,0.6666666666666665,0,1,4.0,1.0,2.0,0.0,0.4166666666666667,0.3,0.4722222222222221,2,create ui wireframes feature
195,T0028,Update internal documentation,2025-09-04,Low,User_6,5.0,Delayed,Development,Pending,0.0,0.7454545454545454,0.0,0,0,2.0,2.0,1.0,0.0,0.6666666666666667,0.3,0.3974867724867724,41,update internal documentation
196,T0088,Update internal documentation,2025-08-06,Low,User_4,5.0,On Time,Design,In Progress,0.0,0.2181818181818181,0.0,0,0,0.0,1.0,1.0,0.0,0.0833333333333332,1.0,0.2248677248677249,12,update internal documentation
197,T0252,Restore database from backup,2025-07-23,High,User_5,9.0,Late,Management,Completed,0.1333333333333333,0.0,0.3333333333333332,0,0,4.0,0.0,0.0,1.0,0.5833333333333333,0.5,0.41005291005291,0,restore database backup
198,T0146,Review peer pull requests,2025-09-11,Medium,User_3,4.0,Late,Development,In Progress,0.0,0.8727272727272727,0.3333333333333332,0,0,2.0,1.0,2.0,0.0,0.0,0.5,0.5158730158730159,48,review peer pull request
199,T0243,Resolve payment gateway timeout issue,2025-08-12,High,User_10,1.0,Late,DevOps,In Progress,0.0,0.3272727272727272,0.6666666666666665,0,0,1.0,1.0,0.0,0.0,0.3333333333333332,0.5,0.3373015873015872,18,resolve payment gateway timeout issue
200,T0011,Schedule weekly team sync,2025-07-31,Low,User_4,6.0,Delayed,Design,Pending,0.0,0.109090909090909,0.3333333333333332,0,0,0.0,2.0,1.0,0.0,0.0833333333333332,0.3,0.3425925925925926,6,schedule weekly team sync
201,T0128,Review peer pull requests,2025-08-14,Medium,User_2,1.0,Delayed,DevOps,In Progress,0.0,0.3636363636363636,0.3333333333333332,0,0,1.0,1.0,2.0,0.0,0.4166666666666667,0.3,0.2341269841269841,20,review peer pull request
202,T0036,Send status update to manager,2025-09-14,Low,User_6,3.0,Delayed,Development,Completed,0.7,0.9272727272727272,0.6666666666666665,0,1,2.0,0.0,1.0,1.0,0.6666666666666667,0.3,0.6104497354497352,51,send status update manager
203,T0002,Organize shared team files,2025-09-15,Low,User_8,7.0,On Time,DevOps,Completed,0.4583333333333333,0.9454545454545454,0.3333333333333332,0,0,1.0,0.0,1.0,1.0,0.1666666666666667,1.0,0.6547619047619048,52,organize shared team file
204,T0075,Schedule weekly team sync,2025-08-27,Low,User_3,2.0,Late,Management,Pending,0.0,0.6,0.3333333333333332,0,0,4.0,2.0,1.0,0.0,0.0,0.5,0.3498677248677247,33,schedule weekly team sync
205,T0153,Write integration tests for API,2025-08-19,Medium,User_5,1.0,Delayed,Development,Completed,0.5166666666666666,0.4545454545454545,0.6666666666666665,0,0,2.0,0.0,2.0,1.0,0.5833333333333333,0.3,0.3789682539682539,25,write integration test api
206,T0069,Update internal documentation,2025-08-21,Low,User_6,10.0,Delayed,Documentation,Pending,0.0,0.4909090909090909,0.0,0,0,3.0,2.0,1.0,0.0,0.6666666666666667,0.3,0.5059523809523809,27,update internal documentation
207,T0187,Write integration tests for API,2025-07-29,Medium,User_8,8.0,Late,Testing,Pending,0.0,0.0727272727272727,0.6666666666666665,0,0,5.0,2.0,2.0,0.0,0.1666666666666667,0.5,0.5224867724867724,4,write integration test api
208,T0253,Patch security vulnerability in auth system,2025-08-07,High,User_1,4.0,Late,Design,Completed,0.75,0.2363636363636363,1.0,0,0,0.0,0.0,0.0,1.0,0.9999999999999998,0.5,0.5376984126984127,13,patch security vulnerability auth system
209,T0168,Refactor module for scalability,2025-08-01,Medium,User_1,1.0,On Time,Development,In Progress,0.0,0.1272727272727272,0.3333333333333332,0,0,2.0,1.0,2.0,0.0,0.9999999999999998,1.0,0.1567460317460317,7,refactor module scalability
210,T0180,Create UI wireframes for feature,2025-08-04,Medium,User_10,1.0,Late,Testing,Completed,0.7916666666666666,0.1818181818181818,0.6666666666666665,0,0,5.0,0.0,2.0,1.0,0.3333333333333332,0.5,0.2896825396825396,10,create ui wireframes feature
211,T0121,Create UI wireframes for feature,2025-09-07,Medium,User_7,4.0,Late,Development,Completed,0.175,0.7999999999999999,0.6666666666666665,0,1,2.0,0.0,2.0,1.0,0.5833333333333333,0.5,0.607142857142857,44,create ui wireframes feature
212,T0228,Fix critical bug in deployment pipeline,2025-08-14,High,User_3,6.0,On Time,Testing,Completed,0.3999999999999999,0.3636363636363636,1.0,0,0,5.0,0.0,0.0,1.0,0.0,1.0,0.656084656084656,20,fix critical bug deployment pipeline
213,T0295,Patch security vulnerability in auth system,2025-08-09,High,User_9,8.0,Delayed,Management,Completed,0.175,0.2727272727272727,1.0,0,1,4.0,0.0,0.0,1.0,0.3333333333333332,0.3,0.703042328042328,15,patch security vulnerability auth system
214,T0148,Update user guides,2025-08-13,Medium,User_5,8.0,Delayed,Documentation,Pending,0.0,0.3454545454545454,0.0,0,0,3.0,2.0,2.0,0.0,0.5833333333333333,0.3,0.3816137566137566,19,update user guide
215,synthetic_53217,Conduct weekly team review.,2025-08-10,High,user1,5.0,Late,Management,To Do,0.9646302976244344,0.2909090909090909,0.3333333333333332,0,1,2.0,1.0,1.0,0.0,0.4166666666666667,0.5,0.5221560846560847,16,conduct weekly team review
216,T0185,Write integration tests for API,2025-08-14,Medium,User_6,4.0,On Time,DevOps,In Progress,0.0,0.3636363636363636,0.6666666666666665,0,0,1.0,1.0,2.0,0.0,0.6666666666666667,1.0,0.4642857142857142,20,write integration test api
217,T0273,Deploy hotfix for customer complaints,2025-08-29,High,User_1,3.0,On Time,Design,In Progress,0.0,0.6363636363636364,0.6666666666666665,0,0,0.0,1.0,0.0,0.0,0.9999999999999998,1.0,0.5152116402116401,35,deploy hotfix customer complaint
218,T0033,Update internal documentation,2025-08-18,Low,User_8,4.0,Late,Documentation,Completed,0.125,0.4363636363636363,0.0,0,0,3.0,0.0,1.0,1.0,0.1666666666666667,0.5,0.2579365079365079,24,update internal documentation
219,T0191,Refactor module for scalability,2025-08-02,Medium,User_7,10.0,On Time,Management,In Progress,0.0,0.1454545454545454,0.3333333333333332,0,1,4.0,1.0,2.0,0.0,0.5833333333333333,1.0,0.507936507936508,8,refactor module scalability
220,T0271,Patch security vulnerability in auth system,2025-08-10,High,User_7,1.0,Late,Development,Pending,0.0,0.2909090909090909,1.0,0,1,2.0,2.0,0.0,0.0,0.5833333333333333,0.5,0.4404761904761905,16,patch security vulnerability auth system
221,T0215,Restore database from backup,2025-08-23,High,User_9,2.0,On Time,Testing,In Progress,0.0,0.5272727272727272,0.3333333333333332,0,1,5.0,1.0,0.0,0.0,0.3333333333333332,1.0,0.326058201058201,29,restore database backup
222,synthetic_10835,Conduct weekly team review.,2025-07-27,Low,user4,4.0,Late,Management,To Do,0.5426948207932508,0.0363636363636363,0.3333333333333332,0,1,2.0,1.0,1.0,0.0,0.4166666666666667,0.5,0.5221560846560847,2,conduct weekly team review
223,T0059,Update internal documentation,2025-08-01,Low,User_2,1.0,On Time,DevOps,Completed,0.9666666666666666,0.1272727272727272,0.0,0,0,1.0,0.0,1.0,1.0,0.4166666666666667,1.0,0.0416666666666666,7,update internal documentation
224,T0254,Patch security vulnerability in auth system,2025-08-07,High,User_7,1.0,Delayed,Design,Pending,0.0,0.2363636363636363,1.0,0,0,0.0,2.0,0.0,0.0,0.5833333333333333,0.3,0.4226190476190475,13,patch security vulnerability auth system
225,T0154,Write integration tests for API,2025-08-29,Medium,User_10,7.0,Late,Design,Pending,0.0,0.6363636363636364,0.6666666666666665,0,0,0.0,2.0,2.0,0.0,0.3333333333333332,0.5,0.6686507936507936,35,write integration test api
226,T0041,Send status update to manager,2025-09-11,Low,User_5,6.0,On Time,DevOps,In Progress,0.0,0.8727272727272727,0.6666666666666665,0,0,1.0,1.0,1.0,0.0,0.5833333333333333,1.0,0.7076719576719577,48,send status update manager
227,T0284,Restore database from backup,2025-08-23,High,User_10,2.0,On Time,Development,Pending,0.0,0.5272727272727272,0.3333333333333332,0,1,2.0,2.0,0.0,0.0,0.3333333333333332,1.0,0.326058201058201,29,restore database backup
228,synthetic_20894,Automate regression test cases.,2025-08-06,Urgent,user8,2.0,On Time,Testing,To Do,0.8590425774844485,0.2181818181818181,0.3333333333333332,0,0,2.0,1.0,1.0,0.0,0.4166666666666667,1.0,0.5221560846560847,12,automate regression test case
229,synthetic_57361,Automate regression test cases.,2025-07-30,High,user10,10.0,Late,Testing,To Do,0.1847963375602122,0.0909090909090909,0.3333333333333332,0,0,2.0,1.0,1.0,0.0,0.4166666666666667,0.5,0.5221560846560847,5,automate regression test case
230,T0192,Review peer pull requests,2025-09-11,Medium,User_8,7.0,Delayed,DevOps,Completed,0.1666666666666666,0.8727272727272727,0.3333333333333332,0,0,1.0,0.0,2.0,1.0,0.1666666666666667,0.3,0.6309523809523808,48,review peer pull request
231,synthetic_46985,Conduct weekly team review.,2025-08-07,Medium,user9,5.0,Needs Improvement,Management,To Do,0.2435299489795316,0.2363636363636363,0.3333333333333332,0,0,2.0,1.0,1.0,0.0,0.4166666666666667,0.3,0.5221560846560847,13,conduct weekly team review
232,T0131,Write integration tests for API,2025-08-12,Medium,User_10,7.0,Delayed,Design,Pending,0.0,0.3272727272727272,0.6666666666666665,0,0,0.0,2.0,2.0,0.0,0.3333333333333332,0.3,0.5674603174603174,18,write integration test api
233,synthetic_19012,Update system documentation for new features.,2025-08-03,Low,user10,10.0,Excellent,Documentation,To Do,0.4701887061466406,0.1636363636363636,1.0,0,1,2.0,1.0,1.0,0.0,0.4166666666666667,1.2,0.5221560846560847,9,update system documentation new feature
234,synthetic_99172,Allocate resources for upcoming milestone.,2025-08-20,Low,user5,1.0,On Time,Management,To Do,0.9841002907413204,0.4727272727272727,0.6666666666666665,0,0,2.0,1.0,1.0,0.0,0.4166666666666667,1.0,0.5221560846560847,26,allocate resource upcoming milestone
235,T0087,Organize shared team files,2025-08-05,Low,User_1,8.0,Delayed,Development,In Progress,0.0,0.1999999999999999,0.3333333333333332,0,0,2.0,1.0,1.0,0.0,0.9999999999999998,0.3,0.449074074074074,11,organize shared team file
236,T0142,Update user guides,2025-07-25,Medium,User_3,1.0,Late,DevOps,Completed,0.1416666666666666,0.0,0.0,0,0,1.0,0.0,2.0,1.0,0.0,0.5,0.0,0,update user guide
237,synthetic_49815,Conduct load testing for new API.,2025-08-12,Medium,user6,3.0,On Time,Testing,To Do,0.4715874973254711,0.3272727272727272,1.0,0,0,2.0,1.0,1.0,0.0,0.4166666666666667,1.0,0.5221560846560847,18,conduct load testing new api
238,synthetic_84428,Automate regression test cases.,2025-08-08,Low,user9,10.0,Excellent,Testing,To Do,0.920589180134697,0.2545454545454545,0.3333333333333332,0,0,2.0,1.0,1.0,0.0,0.4166666666666667,1.2,0.5221560846560847,14,automate regression test case
239,T0259,Patch security vulnerability in auth system,2025-08-14,High,User_3,4.0,On Time,DevOps,In Progress,0.0,0.3636363636363636,1.0,0,0,1.0,1.0,0.0,0.0,0.0,1.0,0.5793650793650794,20,patch security vulnerability auth system
240,synthetic_19165,Update Docker configurations.,2025-08-13,High,user2,8.0,On Time,DevOps,To Do,0.4559922138695806,0.3454545454545454,0.0,0,0,2.0,1.0,1.0,0.0,0.4166666666666667,1.0,0.5221560846560847,19,update docker configuration
241,T0029,Send status update to manager,2025-08-04,Low,User_4,4.0,On Time,DevOps,In Progress,0.0,0.1818181818181818,0.6666666666666665,0,0,1.0,1.0,1.0,0.0,0.0833333333333332,1.0,0.4047619047619046,10,send status update manager
242,T0156,Write integration tests for API,2025-08-18,Medium,User_5,9.0,On Time,Testing,Completed,0.925,0.4363636363636363,0.6666666666666665,0,0,5.0,0.0,2.0,1.0,0.5833333333333333,1.0,0.6798941798941799,24,write integration test api
243,T0268,Fix critical bug in deployment pipeline,2025-09-01,High,User_8,2.0,On Time,Design,Completed,0.8583333333333334,0.6909090909090909,1.0,0,0,0.0,0.0,0.0,1.0,0.1666666666666667,1.0,0.6097883597883599,38,fix critical bug deployment pipeline
244,T0206,Deploy hotfix for customer complaints,2025-07-23,High,User_9,8.0,Late,Documentation,Pending,0.0,0.0,0.6666666666666665,0,0,3.0,2.0,0.0,0.0,0.3333333333333332,0.5,0.4867724867724867,0,deploy hotfix customer complaint
245,T0292,Patch security vulnerability in auth system,2025-09-03,High,User_10,7.0,Delayed,Testing,Completed,0.75,0.7272727272727273,1.0,0,0,5.0,0.0,0.0,1.0,0.3333333333333332,0.3,0.8134920634920634,40,patch security vulnerability auth system
246,T0117,Update user guides,2025-08-15,Medium,User_6,6.0,Delayed,Design,Completed,0.5916666666666666,0.3818181818181818,0.0,0,0,0.0,0.0,2.0,1.0,0.6666666666666667,0.3,0.3167989417989418,21,update user guide
247,T0056,Clean up old logs from server,2025-09-03,Low,User_1,3.0,On Time,DevOps,Pending,0.0,0.7272727272727273,1.0,0,0,1.0,2.0,1.0,0.0,0.9999999999999998,1.0,0.6600529100529099,40,clean old log server
248,synthetic_17417,Plan sprint retrospective.,2025-07-31,Medium,user7,10.0,Late,Management,To Do,0.5631420044949199,0.109090909090909,0.0,0,0,2.0,1.0,1.0,0.0,0.4166666666666667,0.5,0.5221560846560847,6,plan sprint retrospective
249,T0024,Schedule weekly team sync,2025-07-27,Low,User_6,2.0,On Time,Testing,Completed,0.8583333333333334,0.0363636363636363,0.3333333333333332,0,1,5.0,0.0,1.0,1.0,0.6666666666666667,1.0,0.1653439153439153,2,schedule weekly team sync
250,synthetic_42498,Perform integration tests for latest release.,2025-08-16,Low,user9,5.0,Late,Testing,To Do,0.8241044513163349,0.3999999999999999,1.0,0,1,2.0,1.0,1.0,0.0,0.4166666666666667,0.5,0.5221560846560847,22,perform integration test latest release
251,T0126,Review peer pull requests,2025-08-25,Medium,User_7,2.0,On Time,Development,Pending,0.0,0.5636363636363636,0.3333333333333332,0,0,2.0,2.0,2.0,0.0,0.5833333333333333,1.0,0.3379629629629629,31,review peer pull request
252,T0258,Resolve payment gateway timeout issue,2025-08-24,High,User_9,6.0,Late,Development,In Progress,0.0,0.5454545454545454,0.6666666666666665,0,1,2.0,1.0,0.0,0.0,0.3333333333333332,0.5,0.6005291005291005,30,resolve payment gateway timeout issue
253,T0019,Schedule weekly team sync,2025-08-16,Low,User_4,4.0,Delayed,DevOps,Completed,0.8499999999999999,0.3999999999999999,0.3333333333333332,0,1,1.0,0.0,1.0,1.0,0.0833333333333332,0.3,0.3611111111111111,22,schedule weekly team sync
254,synthetic_62202,Update system documentation for new features.,2025-08-17,High,user1,10.0,Late,Documentation,To Do,0.191521521751283,0.4181818181818181,1.0,0,1,2.0,1.0,1.0,0.0,0.4166666666666667,0.5,0.5221560846560847,23,update system documentation new feature
255,synthetic_28206,Write unit tests for payment module.,2025-08-06,High,user6,6.0,Late,Testing,To Do,0.4763804442731132,0.2181818181818181,1.0,0,0,2.0,1.0,1.0,0.0,0.4166666666666667,0.5,0.5221560846560847,12,write unit test payment module
256,T0118,Create UI wireframes for feature,2025-08-29,Medium,User_10,8.0,Delayed,Development,Completed,0.3416666666666666,0.6363636363636364,0.6666666666666665,0,0,2.0,0.0,2.0,1.0,0.3333333333333332,0.3,0.7070105820105821,35,create ui wireframes feature
257,synthetic_57874,Update system documentation for new features.,2025-07-23,High,user2,6.0,Needs Improvement,Documentation,To Do,0.4714205899915048,0.0,1.0,0,0,2.0,1.0,1.0,0.0,0.4166666666666667,0.3,0.5221560846560847,0,update system documentation new feature
258,T0078,Organize shared team files,2025-09-14,Low,User_9,3.0,Late,Management,Pending,0.0,0.9272727272727272,0.3333333333333332,0,1,4.0,2.0,1.0,0.0,0.3333333333333332,0.5,0.4953703703703703,51,organize shared team file
259,T0031,Schedule weekly team sync,2025-08-18,Low,User_3,6.0,Delayed,Development,Completed,0.625,0.4363636363636363,0.3333333333333332,0,0,2.0,0.0,1.0,1.0,0.0,0.3,0.4497354497354497,24,schedule weekly team sync
260,T0277,Resolve payment gateway timeout issue,2025-07-26,High,User_6,2.0,Delayed,Testing,Pending,0.0,0.0181818181818181,0.6666666666666665,0,1,5.0,2.0,0.0,0.0,0.6666666666666667,0.3,0.2744708994708995,1,resolve payment gateway timeout issue
261,T0115,Update user guides,2025-08-08,Medium,User_4,9.0,Delayed,Design,In Progress,0.0,0.2545454545454545,0.0,0,0,0.0,1.0,2.0,0.0,0.0833333333333332,0.3,0.3902116402116402,14,update user guide
262,T0162,Create UI wireframes for feature,2025-09-08,Medium,User_1,4.0,Delayed,Development,In Progress,0.0,0.8181818181818181,0.6666666666666665,0,0,2.0,1.0,2.0,0.0,0.9999999999999998,0.3,0.6130952380952382,45,create ui wireframes feature
263,T0256,Patch security vulnerability in auth system,2025-09-02,High,User_9,6.0,On Time,Testing,Completed,0.8083333333333332,0.7090909090909091,1.0,0,0,5.0,0.0,0.0,1.0,0.3333333333333332,1.0,0.7691798941798943,39,patch security vulnerability auth system
264,T0086,Send status update to manager,2025-07-24,Low,User_5,10.0,Late,DevOps,Pending,0.0,0.0,0.6666666666666665,0,0,1.0,2.0,1.0,0.0,0.5833333333333333,0.5,0.5694444444444444,0,send status update manager
265,T0219,Patch security vulnerability in auth system,2025-08-01,High,User_1,2.0,Late,Development,Completed,0.9333333333333332,0.1272727272727272,1.0,0,0,2.0,0.0,0.0,1.0,0.9999999999999998,0.5,0.4252645502645502,7,patch security vulnerability auth system
266,T0120,Review peer pull requests,2025-08-17,Medium,User_1,10.0,On Time,DevOps,Pending,0.0,0.4181818181818181,0.3333333333333332,0,1,1.0,2.0,2.0,0.0,0.9999999999999998,1.0,0.5972222222222222,23,review peer pull request
267,T0158,Update user guides,2025-08-23,Medium,User_2,5.0,On Time,Management,In Progress,0.0,0.5272727272727272,0.0,0,1,4.0,1.0,2.0,0.0,0.4166666666666667,1.0,0.326058201058201,29,update user guide
268,T0096,Clean up old logs from server,2025-08-16,Low,User_4,1.0,Delayed,Testing,In Progress,0.0,0.3999999999999999,1.0,0,1,5.0,1.0,1.0,0.0,0.0833333333333332,0.3,0.4761904761904762,22,clean old log server
269,T0178,Update user guides,2025-08-23,Medium,User_5,5.0,Delayed,Documentation,Completed,0.7416666666666667,0.5272727272727272,0.0,0,1,3.0,0.0,2.0,1.0,0.5833333333333333,0.3,0.326058201058201,29,update user guide
270,synthetic_68475,Conduct weekly team review.,2025-08-16,High,user9,5.0,Late,Management,To Do,0.4287609443735787,0.3999999999999999,0.3333333333333332,0,1,2.0,1.0,1.0,0.0,0.4166666666666667,0.5,0.5221560846560847,22,conduct weekly team review
271,T0276,Deploy hotfix for customer complaints,2025-08-31,High,User_1,6.0,Delayed,Development,Completed,0.8083333333333332,0.6727272727272727,0.6666666666666665,0,1,2.0,0.0,0.0,1.0,0.9999999999999998,0.3,0.6421957671957671,37,deploy hotfix customer complaint
272,T0017,Clean up old logs from server,2025-07-29,Low,User_5,8.0,On Time,Design,In Progress,0.0,0.0727272727272727,1.0,0,0,0.0,1.0,1.0,0.0,0.5833333333333333,1.0,0.6375661375661378,4,clean old log server
273,T0145,Refactor module for scalability,2025-08-11,Medium,User_3,8.0,Delayed,DevOps,Completed,0.2666666666666666,0.3090909090909091,0.3333333333333332,0,0,1.0,0.0,2.0,1.0,0.0,0.3,0.4847883597883597,17,refactor module scalability
274,T0274,Resolve payment gateway timeout issue,2025-08-31,High,User_6,1.0,Late,Management,In Progress,0.0,0.6727272727272727,0.6666666666666665,0,1,4.0,1.0,0.0,0.0,0.6666666666666667,0.5,0.4503968253968253,37,resolve payment gateway timeout issue
275,T0294,Deploy hotfix for customer complaints,2025-08-22,High,User_6,3.0,On Time,Management,In Progress,0.0,0.509090909090909,0.6666666666666665,0,0,4.0,1.0,0.0,0.0,0.6666666666666667,1.0,0.4735449735449735,28,deploy hotfix customer complaint
276,T0077,Clean up old logs from server,2025-09-06,Low,User_9,6.0,On Time,Design,Pending,0.0,0.7818181818181817,1.0,0,1,0.0,2.0,1.0,0.0,0.3333333333333332,1.0,0.7929894179894178,43,clean old log server
277,T0286,Restore database from backup,2025-08-10,High,User_1,6.0,Delayed,Design,In Progress,0.0,0.2909090909090909,0.3333333333333332,0,1,0.0,1.0,0.0,0.0,0.9999999999999998,0.3,0.4021164021164022,16,restore database backup
278,T0161,Write integration tests for API,2025-08-14,Medium,User_5,6.0,Delayed,Documentation,Pending,0.0,0.3636363636363636,0.6666666666666665,0,0,3.0,2.0,2.0,0.0,0.5833333333333333,0.3,0.541005291005291,20,write integration test api
279,T0132,Refactor module for scalability,2025-08-07,Medium,User_5,2.0,Delayed,DevOps,In Progress,0.0,0.2363636363636363,0.3333333333333332,0,0,1.0,1.0,2.0,0.0,0.5833333333333333,0.3,0.2308201058201058,13,refactor module scalability
280,T0234,Resolve payment gateway timeout issue,2025-09-02,High,User_10,7.0,Delayed,Development,Completed,0.4916666666666667,0.7090909090909091,0.6666666666666665,0,0,2.0,0.0,0.0,1.0,0.3333333333333332,0.3,0.6924603174603176,39,resolve payment gateway timeout issue
281,T0050,Send status update to manager,2025-09-08,Low,User_6,9.0,Delayed,Testing,In Progress,0.0,0.8181818181818181,0.6666666666666665,0,0,5.0,1.0,1.0,0.0,0.6666666666666667,0.3,0.8048941798941799,45,send status update manager
282,T0229,Fix critical bug in deployment pipeline,2025-08-11,High,User_6,6.0,Delayed,Management,Completed,0.1416666666666666,0.3090909090909091,1.0,0,0,4.0,0.0,0.0,1.0,0.6666666666666667,0.3,0.6382275132275133,17,fix critical bug deployment pipeline
283,T0111,Update user guides,2025-08-17,Medium,User_10,2.0,Delayed,Documentation,Pending,0.0,0.4181818181818181,0.0,0,1,3.0,2.0,2.0,0.0,0.3333333333333332,0.3,0.1752645502645503,23,update user guide
284,T0071,Send status update to manager,2025-08-29,Low,User_8,7.0,On Time,Development,Completed,0.625,0.6363636363636364,0.6666666666666665,0,0,2.0,0.0,1.0,1.0,0.1666666666666667,1.0,0.6686507936507936,35,send status update manager
285,T0209,Deploy hotfix for customer complaints,2025-09-01,High,User_6,9.0,On Time,Management,Completed,0.6916666666666667,0.6909090909090909,0.6666666666666665,0,0,4.0,0.0,0.0,1.0,0.6666666666666667,1.0,0.7632275132275133,38,deploy hotfix customer complaint
286,T0275,Resolve payment gateway timeout issue,2025-09-16,High,User_4,5.0,Delayed,Development,Completed,0.3999999999999999,0.9636363636363636,0.6666666666666665,0,0,2.0,0.0,0.0,1.0,0.0833333333333332,0.3,0.6990740740740741,53,resolve payment gateway timeout issue
287,T0122,Create UI wireframes for feature,2025-07-30,Medium,User_5,10.0,Late,Management,Pending,0.0,0.0909090909090909,0.6666666666666665,0,0,4.0,2.0,2.0,0.0,0.5833333333333333,0.5,0.60515873015873,5,create ui wireframes feature
288,T0065,Clean up old logs from server,2025-07-22,Low,User_10,2.0,On Time,Design,In Progress,0.0,0.0,1.0,0,0,0.0,1.0,1.0,0.0,0.3333333333333332,1.0,0.3657407407407407,0,clean old log server
289,T0060,Send status update to manager,2025-08-16,Low,User_8,10.0,On Time,Development,In Progress,0.0,0.3999999999999999,0.6666666666666665,0,1,2.0,1.0,1.0,0.0,0.1666666666666667,1.0,0.7063492063492063,22,send status update manager
290,T0230,Deploy hotfix for customer complaints,2025-07-24,High,User_5,2.0,Delayed,Testing,Completed,0.3833333333333333,0.0,0.6666666666666665,0,0,5.0,0.0,0.0,1.0,0.5833333333333333,0.3,0.2625661375661375,0,deploy hotfix customer complaint
291,T0034,Update internal documentation,2025-09-03,Low,User_7,5.0,On Time,Development,Completed,0.2416666666666666,0.7272727272727273,0.0,0,0,2.0,0.0,1.0,1.0,0.5833333333333333,1.0,0.3915343915343915,40,update internal documentation
292,T0135,Write integration tests for API,2025-07-23,Medium,User_8,3.0,Delayed,Design,Pending,0.0,0.0,0.6666666666666665,0,0,0.0,2.0,2.0,0.0,0.1666666666666667,0.3,0.2949735449735449,0,write integration test api
293,synthetic_68491,Automate regression test cases.,2025-07-31,High,user4,5.0,Excellent,Testing,To Do,0.2922204100467382,0.109090909090909,0.3333333333333332,0,0,2.0,1.0,1.0,0.0,0.4166666666666667,1.2,0.5221560846560847,6,automate regression test case
294,T0005,Send status update to manager,2025-09-12,Low,User_4,7.0,Delayed,Management,Completed,0.7249999999999999,0.8909090909090909,0.6666666666666665,0,0,4.0,0.0,1.0,1.0,0.0833333333333332,0.3,0.751984126984127,49,send status update manager
295,T0296,Patch security vulnerability in auth system,2025-08-11,High,User_2,6.0,On Time,Development,Completed,0.8416666666666666,0.3090909090909091,1.0,0,0,2.0,0.0,0.0,1.0,0.4166666666666667,1.0,0.6382275132275133,17,patch security vulnerability auth system
296,T0040,Clean up old logs from server,2025-09-10,Low,User_10,7.0,On Time,Development,Completed,0.2666666666666666,0.8545454545454545,1.0,0,0,2.0,0.0,1.0,1.0,0.3333333333333332,1.0,0.8551587301587302,47,clean old log server
297,T0092,Send status update to manager,2025-09-13,Low,User_8,7.0,Delayed,Design,Completed,0.7083333333333333,0.9090909090909092,0.6666666666666665,0,1,0.0,0.0,1.0,1.0,0.1666666666666667,0.3,0.7579365079365079,50,send status update manager
298,T0152,Create UI wireframes for feature,2025-08-01,Medium,User_7,10.0,Delayed,DevOps,In Progress,0.0,0.1272727272727272,0.6666666666666665,0,0,1.0,1.0,2.0,0.0,0.5833333333333333,0.3,0.617063492063492,7,create ui wireframes feature
299,T0013,Send status update to manager,2025-08-16,Low,User_3,1.0,Late,Management,Completed,0.5499999999999999,0.3999999999999999,0.6666666666666665,0,1,4.0,0.0,1.0,1.0,0.0,0.5,0.3611111111111111,22,send status update manager
300,T0179,Create UI wireframes for feature,2025-07-30,Medium,User_3,10.0,Delayed,Management,Completed,0.35,0.0909090909090909,0.6666666666666665,0,0,4.0,0.0,2.0,1.0,0.0,0.3,0.60515873015873,5,create ui wireframes feature
301,T0007,Update internal documentation,2025-09-12,Low,User_4,8.0,On Time,Design,Completed,0.4583333333333333,0.8909090909090909,0.0,0,0,0.0,0.0,1.0,1.0,0.0833333333333332,1.0,0.5601851851851852,49,update internal documentation
302,T0272,Resolve payment gateway timeout issue,2025-08-31,High,User_4,2.0,On Time,Management,Completed,0.3,0.6727272727272727,0.6666666666666665,0,1,4.0,0.0,0.0,1.0,0.0833333333333332,1.0,0.4887566137566138,37,resolve payment gateway timeout issue
303,T0196,Review peer pull requests,2025-08-25,Medium,User_2,9.0,Delayed,DevOps,In Progress,0.0,0.5636363636363636,0.3333333333333332,0,0,1.0,1.0,2.0,0.0,0.4166666666666667,0.3,0.6064814814814814,31,review peer pull request
304,T0006,Send status update to manager,2025-09-17,Low,User_1,10.0,Delayed,Documentation,In Progress,0.0,0.9818181818181818,0.6666666666666665,0,0,3.0,1.0,1.0,0.0,0.9999999999999998,0.3,0.8968253968253969,54,send status update manager
305,synthetic_42937,Write unit tests for payment module.,2025-08-11,Medium,user8,3.0,On Time,Testing,To Do,0.9637738259257111,0.3090909090909091,1.0,0,0,2.0,1.0,1.0,0.0,0.4166666666666667,1.0,0.5221560846560847,17,write unit test payment module
306,T0174,Write integration tests for API,2025-08-10,Medium,User_9,8.0,On Time,Development,Completed,0.6833333333333332,0.2909090909090909,0.6666666666666665,0,1,2.0,0.0,2.0,1.0,0.3333333333333332,1.0,0.593915343915344,16,write integration test api
307,synthetic_64322,Refactor user authentication module.,2025-08-11,High,user6,5.0,On Time,Development,To Do,0.8490419275365162,0.3090909090909091,0.3333333333333332,0,0,2.0,1.0,1.0,0.0,0.4166666666666667,1.0,0.5221560846560847,17,refactor user authentication module
308,T0183,Create UI wireframes for feature,2025-09-12,Medium,User_1,7.0,Late,Management,In Progress,0.0,0.8909090909090909,0.6666666666666665,0,0,4.0,1.0,2.0,0.0,0.9999999999999998,0.5,0.751984126984127,49,create ui wireframes feature
309,T0223,Resolve payment gateway timeout issue,2025-08-27,High,User_5,9.0,Late,Documentation,Pending,0.0,0.6,0.6666666666666665,0,0,3.0,2.0,0.0,0.0,0.5833333333333333,0.5,0.7334656084656084,33,resolve payment gateway timeout issue
310,T0094,Clean up old logs from server,2025-08-05,Low,User_3,5.0,Late,Testing,In Progress,0.0,0.1999999999999999,1.0,0,0,5.0,1.0,1.0,0.0,0.0,0.5,0.5641534391534392,11,clean old log server
311,T0045,Schedule weekly team sync,2025-09-16,Low,User_9,9.0,On Time,Testing,Completed,0.6499999999999999,0.9636363636363636,0.3333333333333332,0,0,5.0,0.0,1.0,1.0,0.3333333333333332,1.0,0.7374338624338624,53,schedule weekly team sync
312,T0236,Deploy hotfix for customer complaints,2025-09-18,High,User_7,1.0,On Time,Development,In Progress,0.0,1.0,0.6666666666666665,0,0,2.0,1.0,0.0,0.0,0.5833333333333333,1.0,0.5575396825396824,55,deploy hotfix customer complaint
313,synthetic_80794,Coordinate interdepartmental meeting.,2025-08-11,Low,user2,4.0,Needs Improvement,Management,To Do,0.3794450311696258,0.3090909090909091,0.0,0,0,2.0,1.0,1.0,0.0,0.4166666666666667,0.3,0.5221560846560847,17,coordinate interdepartmental meeting
314,T0048,Send status update to manager,2025-09-13,Low,User_3,8.0,Late,DevOps,Pending,0.0,0.9090909090909092,0.6666666666666665,0,1,1.0,2.0,1.0,0.0,0.0,0.5,0.7962962962962963,50,send status update manager
315,T0139,Review peer pull requests,2025-08-20,Medium,User_10,7.0,Delayed,Development,Completed,0.4083333333333333,0.4727272727272727,0.3333333333333332,0,0,2.0,0.0,2.0,1.0,0.3333333333333332,0.3,0.4999999999999999,26,review peer pull request
316,T0009,Clean up old logs from server,2025-08-15,Low,User_1,3.0,Delayed,Design,In Progress,0.0,0.3818181818181818,1.0,0,0,0.0,1.0,1.0,0.0,0.9999999999999998,0.3,0.546957671957672,21,clean old log server
317,T0189,Update user guides,2025-08-06,Medium,User_8,6.0,Late,Testing,Completed,0.4833333333333333,0.2181818181818181,0.0,0,0,5.0,0.0,2.0,1.0,0.1666666666666667,0.5,0.2632275132275132,12,update user guide
318,T0054,Clean up old logs from server,2025-08-27,Low,User_6,4.0,On Time,Testing,Pending,0.0,0.6,1.0,0,0,5.0,2.0,1.0,0.0,0.6666666666666667,1.0,0.6567460317460317,33,clean old log server
319,synthetic_63496,Update Docker configurations.,2025-07-25,Medium,user7,5.0,Excellent,DevOps,To Do,0.8268353413524805,0.0,0.0,0,0,2.0,1.0,1.0,0.0,0.4166666666666667,1.2,0.5221560846560847,0,update docker configuration
320,synthetic_76837,Prepare user guide for module deployment.,2025-08-20,High,user7,10.0,Late,Documentation,To Do,0.8681702664024156,0.4727272727272727,1.0,0,0,2.0,1.0,1.0,0.0,0.4166666666666667,0.5,0.5221560846560847,26,prepare user guide module deployment
321,T0244,Deploy hotfix for customer complaints,2025-09-03,High,User_4,5.0,Delayed,Design,In Progress,0.0,0.7272727272727273,0.6666666666666665,0,0,0.0,1.0,0.0,0.0,0.0833333333333332,0.3,0.6216931216931216,40,deploy hotfix customer complaint
322,T0123,Write integration tests for API,2025-07-27,Medium,User_2,9.0,Late,Design,Pending,0.0,0.0363636363636363,0.6666666666666665,0,1,0.0,2.0,2.0,0.0,0.4166666666666667,0.5,0.548941798941799,2,write integration test api
323,T0160,Refactor module for scalability,2025-07-26,Medium,User_4,5.0,Late,Testing,Completed,0.8666666666666667,0.0181818181818181,0.3333333333333332,0,1,5.0,0.0,2.0,1.0,0.0833333333333332,0.5,0.2744708994708995,1,refactor module scalability
324,T0061,Schedule weekly team sync,2025-09-03,Low,User_6,7.0,Delayed,Management,In Progress,0.0,0.7272727272727273,0.3333333333333332,0,0,4.0,1.0,1.0,0.0,0.6666666666666667,0.3,0.5833333333333334,40,schedule weekly team sync
325,T0280,Resolve payment gateway timeout issue,2025-08-17,High,User_2,4.0,Late,DevOps,In Progress,0.0,0.4181818181818181,0.6666666666666665,0,1,1.0,1.0,0.0,0.0,0.4166666666666667,0.5,0.4821428571428571,23,resolve payment gateway timeout issue
326,T0062,Schedule weekly team sync,2025-08-22,Low,User_2,6.0,On Time,Development,In Progress,0.0,0.509090909090909,0.3333333333333332,0,0,2.0,1.0,1.0,0.0,0.4166666666666667,1.0,0.4735449735449735,28,schedule weekly team sync
327,synthetic_93482,Redesign profile section layout.,2025-07-29,Low,user4,7.0,On Time,Design,To Do,0.95397105736051,0.0727272727272727,0.3333333333333332,0,0,2.0,1.0,1.0,0.0,0.4166666666666667,1.0,0.5221560846560847,4,redesign profile section layout
328,T0035,Organize shared team files,2025-08-18,Low,User_2,3.0,On Time,Documentation,Pending,0.0,0.4363636363636363,0.3333333333333332,0,0,3.0,2.0,1.0,0.0,0.4166666666666667,1.0,0.3346560846560847,24,organize shared team file
329,T0226,Restore database from backup,2025-09-12,High,User_10,8.0,Delayed,Documentation,In Progress,0.0,0.8909090909090909,0.3333333333333332,0,0,3.0,1.0,0.0,0.0,0.3333333333333332,0.3,0.6752645502645502,49,restore database backup
330,T0076,Organize shared team files,2025-08-29,Low,User_2,9.0,Late,Development,Completed,0.7666666666666666,0.6363636363636364,0.3333333333333332,0,0,2.0,0.0,1.0,1.0,0.4166666666666667,0.5,0.6302910052910052,35,organize shared team file
331,T0267,Deploy hotfix for customer complaints,2025-09-11,High,User_6,6.0,Delayed,Documentation,Pending,0.0,0.8727272727272727,0.6666666666666665,0,0,3.0,2.0,0.0,0.0,0.6666666666666667,0.3,0.7076719576719577,48,deploy hotfix customer complaint
332,T0232,Resolve payment gateway timeout issue,2025-09-10,High,User_7,6.0,On Time,Development,Completed,0.1833333333333333,0.8545454545454545,0.6666666666666665,0,0,2.0,0.0,0.0,1.0,0.5833333333333333,1.0,0.7017195767195767,47,resolve payment gateway timeout issue
333,T0164,Create UI wireframes for feature,2025-09-13,Medium,User_7,6.0,Late,DevOps,In Progress,0.0,0.9090909090909092,0.6666666666666665,0,1,1.0,1.0,2.0,0.0,0.5833333333333333,0.5,0.7195767195767196,50,create ui wireframes feature
334,T0210,Fix critical bug in deployment pipeline,2025-09-03,High,User_8,1.0,Late,Management,Completed,0.1916666666666666,0.7272727272727273,1.0,0,0,4.0,0.0,0.0,1.0,0.1666666666666667,0.5,0.5833333333333334,40,fix critical bug deployment pipeline
335,T0216,Fix critical bug in deployment pipeline,2025-09-08,High,User_10,1.0,Delayed,Testing,Completed,0.1999999999999999,0.8181818181818181,1.0,0,0,5.0,0.0,0.0,1.0,0.3333333333333332,0.3,0.6130952380952382,45,fix critical bug deployment pipeline
336,T0014,Update internal documentation,2025-08-22,Low,User_7,7.0,On Time,Documentation,In Progress,0.0,0.509090909090909,0.0,0,0,3.0,1.0,1.0,0.0,0.5833333333333333,1.0,0.3968253968253967,28,update internal documentation
337,T0102,Write integration tests for API,2025-08-04,Medium,User_1,9.0,Late,Development,Completed,0.7,0.1818181818181818,0.6666666666666665,0,0,2.0,0.0,2.0,1.0,0.9999999999999998,0.5,0.5965608465608465,10,write integration test api
338,synthetic_39391,Conduct weekly team review.,2025-07-24,Medium,user8,9.0,Excellent,Management,To Do,0.9847617162094926,0.0,0.3333333333333332,0,0,2.0,1.0,1.0,0.0,0.4166666666666667,1.2,0.5221560846560847,0,conduct weekly team review
339,T0240,Deploy hotfix for customer complaints,2025-07-30,High,User_1,3.0,On Time,Development,Completed,0.3833333333333333,0.0909090909090909,0.6666666666666665,0,0,2.0,0.0,0.0,1.0,0.9999999999999998,1.0,0.3366402116402116,5,deploy hotfix customer complaint
340,synthetic_89279,Plan sprint retrospective.,2025-08-05,Medium,user6,6.0,On Time,Management,To Do,0.4486702105822543,0.1999999999999999,0.0,0,0,2.0,1.0,1.0,0.0,0.4166666666666667,1.0,0.5221560846560847,11,plan sprint retrospective
341,T0089,Schedule weekly team sync,2025-08-23,Low,User_6,5.0,Late,Documentation,Pending,0.0,0.5272727272727272,0.3333333333333332,0,1,3.0,2.0,1.0,0.0,0.6666666666666667,0.5,0.4411375661375661,29,schedule weekly team sync
342,T0202,Patch security vulnerability in auth system,2025-09-11,High,User_4,4.0,Delayed,Documentation,In Progress,0.0,0.8727272727272727,1.0,0,0,3.0,1.0,0.0,0.0,0.0833333333333332,0.3,0.7460317460317462,48,patch security vulnerability auth system
343,T0046,Clean up old logs from server,2025-08-14,Low,User_8,1.0,Delayed,Design,Pending,0.0,0.3636363636363636,1.0,0,0,0.0,2.0,1.0,0.0,0.1666666666666667,0.3,0.4642857142857143,20,clean old log server
344,synthetic_54619,Design UI for dashboard module.,2025-08-04,Medium,user7,4.0,Excellent,Design,To Do,0.9542265667625026,0.1818181818181818,0.6666666666666665,0,0,2.0,1.0,1.0,0.0,0.4166666666666667,1.2,0.5221560846560847,10,design ui dashboard module
345,T0016,Organize shared team files,2025-08-24,Low,User_3,2.0,Late,Documentation,Pending,0.0,0.5454545454545454,0.3333333333333332,0,1,3.0,2.0,1.0,0.0,0.0,0.5,0.332010582010582,30,organize shared team file
346,T0190,Review peer pull requests,2025-08-22,Medium,User_9,4.0,Late,DevOps,Pending,0.0,0.509090909090909,0.3333333333333332,0,0,1.0,2.0,2.0,0.0,0.3333333333333332,0.5,0.3968253968253967,28,review peer pull request
347,T0285,Resolve payment gateway timeout issue,2025-08-17,High,User_7,10.0,Delayed,Testing,Completed,0.775,0.4181818181818181,0.6666666666666665,0,1,5.0,0.0,0.0,1.0,0.5833333333333333,0.3,0.7123015873015874,23,resolve payment gateway timeout issue
348,synthetic_51408,Automate regression test cases.,2025-07-30,Low,user1,8.0,Late,Testing,To Do,0.3795770716085621,0.0909090909090909,0.3333333333333332,0,0,2.0,1.0,1.0,0.0,0.4166666666666667,0.5,0.5221560846560847,5,automate regression test case
349,T0278,Deploy hotfix for customer complaints,2025-09-17,High,User_7,7.0,Late,Development,Completed,0.825,0.9818181818181818,0.6666666666666665,0,0,2.0,0.0,0.0,1.0,0.5833333333333333,0.5,0.7817460317460317,54,deploy hotfix customer complaint
350,synthetic_75664,Optimize CI/CD pipeline.,2025-08-18,High,user2,4.0,Late,DevOps,To Do,0.2400456640956788,0.4363636363636363,0.0,0,0,2.0,1.0,1.0,0.0,0.4166666666666667,0.5,0.5221560846560847,24,optimize cicd pipeline
351,synthetic_65352,Automate regression test cases.,2025-08-14,Medium,user7,10.0,On Time,Testing,To Do,0.5110226074542356,0.3636363636363636,0.3333333333333332,0,0,2.0,1.0,1.0,0.0,0.4166666666666667,1.0,0.5221560846560847,20,automate regression test case
352,T0044,Clean up old logs from server,2025-09-08,Low,User_5,7.0,On Time,Testing,In Progress,0.0,0.8181818181818181,1.0,0,0,5.0,1.0,1.0,0.0,0.5833333333333333,1.0,0.8432539682539683,45,clean old log server
353,T0298,Deploy hotfix for customer complaints,2025-08-08,High,User_1,9.0,On Time,Documentation,In Progress,0.0,0.2545454545454545,0.6666666666666665,0,0,3.0,1.0,0.0,0.0,0.9999999999999998,1.0,0.6203703703703701,14,deploy hotfix customer complaint
354,synthetic_28404,Prepare user guide for module deployment.,2025-08-01,Medium,user7,4.0,On Time,Documentation,To Do,0.457491879904559,0.1272727272727272,1.0,0,0,2.0,1.0,1.0,0.0,0.4166666666666667,1.0,0.5221560846560847,7,prepare user guide module deployment
355,T0181,Refactor module for scalability,2025-07-28,Medium,User_3,1.0,Late,Testing,Completed,0.3999999999999999,0.0545454545454545,0.3333333333333332,0,0,5.0,0.0,2.0,1.0,0.0,0.5,0.1329365079365079,3,refactor module scalability
356,T0090,Schedule weekly team sync,2025-08-22,Low,User_5,4.0,Late,Testing,Pending,0.0,0.509090909090909,0.3333333333333332,0,0,5.0,2.0,1.0,0.0,0.5833333333333333,0.5,0.3968253968253967,28,schedule weekly team sync
357,T0037,Organize shared team files,2025-08-03,Low,User_6,8.0,On Time,Development,Completed,0.7083333333333333,0.1636363636363636,0.3333333333333332,0,1,2.0,0.0,1.0,1.0,0.6666666666666667,1.0,0.4371693121693121,9,organize shared team file
358,T0172,Review peer pull requests,2025-08-19,Medium,User_9,3.0,Delayed,Documentation,In Progress,0.0,0.4545454545454545,0.3333333333333332,0,0,3.0,1.0,2.0,0.0,0.3333333333333332,0.3,0.3406084656084656,25,review peer pull request
359,T0052,Update internal documentation,2025-08-05,Low,User_1,10.0,Late,Management,In Progress,0.0,0.1999999999999999,0.0,0,0,4.0,1.0,1.0,0.0,0.9999999999999998,0.5,0.4107142857142857,11,update internal documentation
360,T0193,Refactor module for scalability,2025-09-09,Medium,User_9,3.0,Late,Documentation,Pending,0.0,0.8363636363636363,0.3333333333333332,0,0,3.0,2.0,2.0,0.0,0.3333333333333332,0.5,0.4656084656084655,46,refactor module scalability
361,T0112,Write integration tests for API,2025-08-27,Medium,User_5,5.0,On Time,Management,Pending,0.0,0.6,0.6666666666666665,0,0,4.0,2.0,2.0,0.0,0.5833333333333333,1.0,0.580026455026455,33,write integration test api
362,synthetic_19321,Plan sprint retrospective.,2025-08-15,Low,user10,2.0,Needs Improvement,Management,To Do,0.6032075779948456,0.3818181818181818,0.0,0,0,2.0,1.0,1.0,0.0,0.4166666666666667,0.3,0.5221560846560847,21,plan sprint retrospective
363,T0015,Send status update to manager,2025-09-18,Low,User_1,6.0,Delayed,Development,In Progress,0.0,1.0,0.6666666666666665,0,0,2.0,1.0,1.0,0.0,0.9999999999999998,0.3,0.7493386243386243,55,send status update manager
364,T0134,Update user guides,2025-09-08,Medium,User_8,6.0,On Time,Documentation,Pending,0.0,0.8181818181818181,0.0,0,0,3.0,2.0,2.0,0.0,0.1666666666666667,1.0,0.4596560846560847,45,update user guide
365,T0114,Update user guides,2025-07-23,Medium,User_7,8.0,Late,Management,In Progress,0.0,0.0,0.0,0,0,4.0,1.0,2.0,0.0,0.5833333333333333,0.5,0.2566137566137565,0,update user guide
366,synthetic_29687,Redesign profile section layout.,2025-07-28,Medium,user3,3.0,Late,Design,To Do,0.7038309786375946,0.0545454545454545,0.3333333333333332,0,0,2.0,1.0,1.0,0.0,0.4166666666666667,0.5,0.5221560846560847,3,redesign profile section layout
367,T0214,Patch security vulnerability in auth system,2025-07-22,High,User_5,8.0,Delayed,Development,In Progress,0.0,0.0,1.0,0,0,2.0,1.0,0.0,0.0,0.5833333333333333,0.3,0.5958994708994709,0,patch security vulnerability auth system
368,T0170,Review peer pull requests,2025-09-14,Medium,User_4,1.0,Late,Documentation,Pending,0.0,0.9272727272727272,0.3333333333333332,0,1,3.0,2.0,2.0,0.0,0.0833333333333332,0.5,0.4186507936507936,51,review peer pull request
369,T0151,Refactor module for scalability,2025-07-28,Medium,User_6,6.0,Delayed,DevOps,Pending,0.0,0.0545454545454545,0.3333333333333332,0,0,1.0,2.0,2.0,0.0,0.6666666666666667,0.3,0.3247354497354497,3,refactor module scalability
370,T0300,Restore database from backup,2025-09-18,High,User_3,4.0,Delayed,DevOps,Completed,0.5166666666666666,1.0,0.3333333333333332,0,0,1.0,0.0,0.0,1.0,0.0,0.3,0.5575396825396824,55,restore database backup
371,synthetic_20731,Conduct weekly team review.,2025-07-31,High,user2,6.0,On Time,Management,To Do,0.3521732031727994,0.109090909090909,0.3333333333333332,0,0,2.0,1.0,1.0,0.0,0.4166666666666667,1.0,0.5221560846560847,6,conduct weekly team review
372,T0081,Clean up old logs from server,2025-07-23,Low,User_1,1.0,Late,Design,In Progress,0.0,0.0,1.0,0,0,0.0,1.0,1.0,0.0,0.9999999999999998,0.5,0.3333333333333333,0,clean old log server
373,synthetic_33526,Update Docker configurations.,2025-08-12,Medium,user5,6.0,Needs Improvement,DevOps,To Do,0.3365726607583437,0.3272727272727272,0.0,0,0,2.0,1.0,1.0,0.0,0.4166666666666667,0.3,0.5221560846560847,18,update docker configuration
374,T0084,Clean up old logs from server,2025-09-03,Low,User_10,1.0,On Time,Design,In Progress,0.0,0.7272727272727273,1.0,0,0,0.0,1.0,1.0,0.0,0.3333333333333332,1.0,0.5833333333333334,40,clean old log server
375,T0138,Review peer pull requests,2025-09-18,Medium,User_5,10.0,Late,Documentation,In Progress,0.0,1.0,0.3333333333333332,0,0,3.0,1.0,2.0,0.0,0.5833333333333333,0.5,0.7876984126984127,55,review peer pull request
376,T0108,Write integration tests for API,2025-08-12,Medium,User_5,5.0,On Time,Development,Pending,0.0,0.3272727272727272,0.6666666666666665,0,0,2.0,2.0,2.0,0.0,0.5833333333333333,1.0,0.4907407407407407,18,write integration test api
377,synthetic_10372,Prepare user guide for module deployment.,2025-08-13,Medium,user7,1.0,Excellent,Documentation,To Do,0.7693535223603387,0.3454545454545454,1.0,0,0,2.0,1.0,1.0,0.0,0.4166666666666667,1.2,0.5221560846560847,19,prepare user guide module deployment
378,T0068,Schedule weekly team sync,2025-08-30,Low,User_4,6.0,Delayed,Design,Completed,0.3249999999999999,0.6545454545454545,0.3333333333333332,0,1,0.0,0.0,1.0,1.0,0.0833333333333332,0.3,0.5211640211640213,36,schedule weekly team sync
379,T0073,Organize shared team files,2025-09-03,Low,User_5,10.0,On Time,Development,Pending,0.0,0.7272727272727273,0.3333333333333332,0,0,2.0,2.0,1.0,0.0,0.5833333333333333,1.0,0.6984126984126985,40,organize shared team file
380,synthetic_66770,Automate regression test cases.,2025-07-28,High,user4,9.0,Late,Testing,To Do,0.310756877623894,0.0545454545454545,0.3333333333333332,0,0,2.0,1.0,1.0,0.0,0.4166666666666667,0.5,0.5221560846560847,3,automate regression test case
381,T0265,Fix critical bug in deployment pipeline,2025-08-23,High,User_5,10.0,Late,Development,Completed,0.3583333333333333,0.5272727272727272,1.0,0,1,2.0,0.0,0.0,1.0,0.5833333333333333,0.5,0.8630952380952382,29,fix critical bug deployment pipeline
382,T0173,Update user guides,2025-07-29,Medium,User_2,5.0,Late,Development,In Progress,0.0,0.0727272727272727,0.0,0,0,2.0,1.0,2.0,0.0,0.4166666666666667,0.5,0.1772486772486772,4,update user guide
383,T0079,Schedule weekly team sync,2025-09-12,Low,User_5,4.0,On Time,Testing,Pending,0.0,0.8909090909090909,0.3333333333333332,0,0,5.0,2.0,1.0,0.0,0.5833333333333333,1.0,0.5218253968253969,49,schedule weekly team sync
384,T0099,Clean up old logs from server,2025-08-26,Low,User_10,4.0,On Time,DevOps,In Progress,0.0,0.5818181818181818,1.0,0,0,1.0,1.0,1.0,0.0,0.3333333333333332,1.0,0.6507936507936509,32,clean old log server
385,T0127,Review peer pull requests,2025-08-25,Medium,User_2,7.0,Late,Development,Completed,0.9916666666666668,0.5636363636363636,0.3333333333333332,0,0,2.0,0.0,2.0,1.0,0.4166666666666667,0.5,0.5297619047619047,31,review peer pull request
386,T0141,Write integration tests for API,2025-08-14,Medium,User_4,2.0,Late,Testing,In Progress,0.0,0.3636363636363636,0.6666666666666665,0,0,5.0,1.0,2.0,0.0,0.0833333333333332,0.5,0.3875661375661375,20,write integration test api
387,T0055,Organize shared team files,2025-08-16,Low,User_3,3.0,Late,DevOps,Pending,0.0,0.3999999999999999,0.3333333333333332,0,1,1.0,2.0,1.0,0.0,0.0,0.5,0.3227513227513227,22,organize shared team file
388,synthetic_54531,Plan sprint retrospective.,2025-08-06,Low,user1,6.0,On Time,Management,To Do,0.3777520625634977,0.2181818181818181,0.0,0,0,2.0,1.0,1.0,0.0,0.4166666666666667,1.0,0.5221560846560847,12,plan sprint retrospective
389,T0032,Send status update to manager,2025-09-04,Low,User_6,7.0,On Time,Design,Completed,0.3,0.7454545454545454,0.6666666666666665,0,0,0.0,0.0,1.0,1.0,0.6666666666666667,1.0,0.7043650793650794,41,send status update manager
